domain,method,n,dice_median,dice_p10,iou_median,retention_median,retention_ge_0.99,kept_frac_median,status_empty,status_nearest,sec_per_1000
nihpoly/polygon_raw,otsu-gray,100,0.9031,0.7475,0.8233,,,0.4654,0.0,0.09,2.3773
bbbc041/site_a,otsu-gray,100,,,,,,0.4874,0.0,0.05,2.3975
bbbc041/site_b,otsu-gray,100,,,,,,0.4885,0.0,0.05,2.4823
mpidb/Falciparum,otsu-gray,100,,,,0.6772,0.09,0.4254,0.0,0.0,1.7194
mpidb/Malariae,otsu-gray,43,,,,0.9663,0.1628,0.4826,0.0,0.0,2.9057
mpidb/Ovale,otsu-gray,33,,,,0.9915,0.5152,0.6847,0.0,0.0,3.4509
mpidb/Vivax,otsu-gray,64,,,,0.9092,0.1406,0.5443,0.0,0.0,3.504
nihpoly/polygon_raw,otsu-sat,100,0.593,0.0143,0.4221,,,0.2322,0.0,0.42,3.1268
bbbc041/site_a,otsu-sat,100,,,,,,0.4497,0.0,0.14,2.3906
bbbc041/site_b,otsu-sat,100,,,,,,0.0992,0.0,0.51,4.0505
mpidb/Falciparum,otsu-sat,100,,,,0.8425,0.37,0.7415,0.0,0.0,1.8404
mpidb/Malariae,otsu-sat,43,,,,0.6478,0.0465,0.5113,0.0,0.0,2.8447
mpidb/Ovale,otsu-sat,33,,,,0.9559,0.3636,0.5871,0.0,0.0,3.7053
mpidb/Vivax,otsu-sat,64,,,,0.8335,0.0781,0.4314,0.0,0.0,3.9544
nihpoly/polygon_raw,rembg:u2net,100,0.0289,0.0,0.0147,,,0.0063,0.21,0.51,1819.1297
bbbc041/site_a,rembg:u2net,100,,,,,,0.4232,0.02,0.07,1982.2683
bbbc041/site_b,rembg:u2net,100,,,,,,0.3874,0.02,0.08,2018.0947
mpidb/Falciparum,rembg:u2net,100,,,,0.0061,0.01,0.0026,0.48,0.0,1772.4289
mpidb/Malariae,rembg:u2net,43,,,,0.9178,0.0233,0.3968,0.0465,0.0,1523.99
mpidb/Ovale,rembg:u2net,33,,,,0.8421,0.1212,0.3244,0.0606,0.0,1661.7037
mpidb/Vivax,rembg:u2net,64,,,,0.3591,0.1406,0.1603,0.1562,0.0156,1921.3712
nihpoly/polygon_raw,rembg:isnet-general-use,100,0.0,0.0,0.0,,,0.0005,0.49,0.43,2935.1329
bbbc041/site_a,rembg:isnet-general-use,100,,,,,,0.3914,0.08,0.18,3178.7329
bbbc041/site_b,rembg:isnet-general-use,100,,,,,,0.1055,0.22,0.28,3155.5649
mpidb/Falciparum,rembg:isnet-general-use,100,,,,0.0,0.01,0.0,0.89,0.01,3287.511
mpidb/Malariae,rembg:isnet-general-use,43,,,,0.0169,0.0,0.0079,0.4651,0.0,3420.6873
mpidb/Ovale,rembg:isnet-general-use,33,,,,0.0018,0.0,0.002,0.4545,0.0303,3841.3482
mpidb/Vivax,rembg:isnet-general-use,64,,,,0.0047,0.0312,0.002,0.4688,0.0,3973.5125
