transform,domain,H_from_nih,S,a,b,giemsa_blue,giemsa_eosin
HSV shift to NIH,bbbc041_masked/site_a,0.61,0.02,0.29,0.82,0.99,0.48
HSV shift to NIH,bbbc041_masked/site_b,0.61,0.19,0.29,0.62,1.0,0.39
HSV shift to NIH,mpidb_wholecell_masked/Falciparum,0.7,0.06,0.35,0.79,0.96,0.13
HSV shift to NIH,mpidb_wholecell_masked/Malariae,0.57,0.0,0.08,0.85,0.81,0.24
HSV shift to NIH,mpidb_wholecell_masked/Ovale,0.64,0.02,0.15,0.95,0.81,0.39
HSV shift to NIH,mpidb_wholecell_masked/Vivax,0.49,0.05,0.14,0.89,0.53,0.2
Reinhard to NIH,bbbc041_masked/site_a,0.08,0.39,0.22,0.12,0.1,0.27
Reinhard to NIH,bbbc041_masked/site_b,0.08,0.39,0.22,0.12,0.1,0.27
Reinhard to NIH,mpidb_wholecell_masked/Falciparum,0.09,0.39,0.22,0.12,0.11,0.28
Reinhard to NIH,mpidb_wholecell_masked/Malariae,0.09,0.4,0.22,0.12,0.12,0.28
Reinhard to NIH,mpidb_wholecell_masked/Ovale,0.08,0.4,0.22,0.12,0.11,0.28
Reinhard to NIH,mpidb_wholecell_masked/Vivax,0.08,0.39,0.22,0.12,0.11,0.27
histogram match to NIH,bbbc041_masked/site_a,0.09,0.4,0.23,0.12,0.17,0.28
histogram match to NIH,bbbc041_masked/site_b,0.09,0.38,0.23,0.12,0.16,0.28
histogram match to NIH,mpidb_wholecell_masked/Falciparum,0.1,0.35,0.23,0.12,0.16,0.28
histogram match to NIH,mpidb_wholecell_masked/Malariae,0.1,0.39,0.23,0.12,0.16,0.28
histogram match to NIH,mpidb_wholecell_masked/Ovale,0.11,0.3,0.23,0.12,0.16,0.28
histogram match to NIH,mpidb_wholecell_masked/Vivax,0.1,0.36,0.23,0.12,0.16,0.28
original,bbbc041_masked/site_a,0.82,0.74,0.17,0.94,1.0,0.47
original,bbbc041_masked/site_b,0.61,0.67,0.79,0.3,1.0,0.06
original,mpidb_wholecell_masked/Falciparum,0.62,0.45,0.27,0.51,0.76,0.6
original,mpidb_wholecell_masked/Malariae,0.11,0.17,0.03,0.09,0.68,0.74
original,mpidb_wholecell_masked/Ovale,0.41,0.18,0.27,0.87,0.59,0.11
original,mpidb_wholecell_masked/Vivax,0.46,0.04,0.09,0.86,0.48,0.22
