,bbbc041/site_a,bbbc041/site_b,mpidb/Falciparum,mpidb/Malariae,mpidb/Ovale,mpidb/Vivax,max_abs
gray_p5,2.1057,20.9292,24.4396,85.8849,169.8326,138.0235,169.8326
black_frac_outer,-15.2356,-8.7833,-8.154,-7.9749,-7.9734,-7.9779,15.2356
lapvar_native,-12.3162,-8.6139,-7.7075,-7.3083,-7.7955,-7.799,12.3162
gray_std,-0.7428,-9.1535,-8.187,-5.698,-7.4889,-7.0997,9.1535
lapvar224,-8.8112,-5.7794,-5.2471,-4.9534,-5.2197,-5.2214,8.8112
black_frac,-7.5239,-5.0816,-4.7175,-4.6139,-4.613,-4.6156,7.5239
lapvar224_center,1.4241,-1.0426,1.8372,5.7975,-0.2556,-0.132,5.7975
gray_p95,4.8899,-3.0967,-1.2096,1.8262,2.3761,2.7783,4.8899
b_mean,2.0222,1.1065,0.4358,1.3111,4.0246,4.8015,4.8015
gray_mean,1.218,1.21,1.4672,2.1341,3.2625,3.9799,3.9799
gray_mean_center,-1.9059,-3.1339,-2.7356,-3.924,-1.329,-1.0565,3.924
upscale_factor,-0.6328,-2.0229,3.6059,0.7847,-0.733,2.0428,3.6059
g_mean,1.3881,1.6579,1.2832,1.5967,2.4628,3.1666,3.1666
r_mean_center,-1.2892,-3.1635,-1.5293,-0.931,-0.7072,-0.4726,3.1635
r_mean,0.4831,-0.2931,1.3419,2.0949,2.368,2.6456,2.6456
rb_diff,-2.6408,-0.9969,0.6211,0.5172,-1.2214,-1.5834,2.6408
w,0.2377,2.0158,-2.5775,-0.7001,0.7768,0.6351,2.5775
rb_diff_center,-2.5615,-0.9972,0.2052,0.127,-1.1343,-1.397,2.5615
h,0.2043,1.9303,-2.5335,-0.7105,0.7272,0.596,2.5335
area,0.2373,2.2485,-2.1341,-0.6236,1.1159,1.4364,2.2485
b_mean_center,0.4546,-1.7666,-2.0936,-1.3272,1.3853,2.1642,2.1642
gray_std_center,1.4892,-0.2051,1.5709,1.8362,1.3064,1.889,1.889
sat_mean_center,-0.0164,-1.7036,0.5425,0.1585,0.1205,-0.056,1.7036
hue_mean,1.1547,0.3454,-0.0557,0.6521,1.6606,1.5539,1.6606
sat_mean,0.6988,-1.3761,1.5895,1.0802,1.0287,0.7875,1.5895
gray_p50,-0.1046,-1.4115,-1.1594,-0.5966,-0.2029,0.4098,1.4115
g_mean_center,-0.0404,-1.1874,-1.3271,-1.0756,-0.2878,0.357,1.3271
hue_mean_center,0.1267,-0.2441,-0.5076,0.0167,0.761,0.682,0.761
black_frac_center,0.1372,-0.168,-0.156,-0.1526,-0.1525,-0.1526,0.168
aspect,-0.0805,-0.0366,-0.0492,-0.0419,-0.0481,-0.0456,0.0805
