patient_id,photo,local_parasitized,local_uninfected,set,folder,gt_parasitized,gt_uninfected,gt_wbc,where
C1,IMG_20150604_104722,0.0,17.0,,,,,,cell_images_only
C1,IMG_20150604_104919,0.0,18.0,,,,,,cell_images_only
C1,IMG_20150604_104942,0.0,18.0,,,,,,cell_images_only
C1,IMG_20150604_105100,0.0,17.0,,,,,,cell_images_only
C100,IMG_20150918_144104,10.0,8.0,point,248C100P61ThinF,10.0,172.0,0.0,both
C100,IMG_20150918_144348,7.0,8.0,point,248C100P61ThinF,7.0,138.0,0.0,both
C100,IMG_20150918_144823,6.0,8.0,point,248C100P61ThinF,6.0,170.0,0.0,both
C100,IMG_20150918_145042,6.0,8.0,point,248C100P61ThinF,9.0,197.0,0.0,both
C100,IMG_20150918_145422,7.0,9.0,point,248C100P61ThinF,8.0,172.0,0.0,both
C100,IMG_20150918_145609,8.0,9.0,,,,,,cell_images_only
C100,IMG_20150918_145938,9.0,9.0,,,,,,cell_images_only
C100,IMG_20150918_150041,4.0,9.0,,,,,,cell_images_only
C101,IMG_20150918_150842,,,point,249C101P62ThinF,26.0,84.0,4.0,thinblood_only
C101,IMG_20150918_151006,26.0,7.0,point,249C101P62ThinF,32.0,76.0,2.0,both
C101,IMG_20150918_151149,21.0,8.0,point,249C101P62ThinF,21.0,70.0,0.0,both
C101,IMG_20150918_151239,27.0,8.0,point,249C101P62ThinF,28.0,78.0,0.0,both
C101,IMG_20150918_151335,28.0,8.0,point,249C101P62ThinF,28.0,59.0,0.0,both
C101,IMG_20150918_151507,29.0,8.0,,,,,,cell_images_only
C101,IMG_20150918_151942,33.0,8.0,,,,,,cell_images_only
C101,IMG_20150918_155026,1.0,0.0,,,,,,cell_images_only
C101,IMG_20150918_155731,25.0,7.0,,,,,,cell_images_only
C101,IMG_20150923_165215,41.0,0.0,,,,,,cell_images_only
C101,IMG_20150923_170110,24.0,0.0,,,,,,cell_images_only
C101,IMG_20150923_170246,29.0,9.0,,,,,,cell_images_only
C101,IMG_20150923_170344,30.0,8.0,,,,,,cell_images_only
C102,IMG_20150918_161508,6.0,10.0,point,250C102P63ThinF,6.0,196.0,1.0,both
C102,IMG_20150918_161826,3.0,10.0,point,250C102P63ThinF,3.0,169.0,0.0,both
C102,IMG_20150918_162051,7.0,10.0,point,250C102P63ThinF,7.0,142.0,1.0,both
C102,IMG_20150918_162155,2.0,9.0,point,250C102P63ThinF,2.0,131.0,0.0,both
C102,IMG_20150918_162300,3.0,10.0,point,250C102P63ThinF,3.0,187.0,0.0,both
C102,IMG_20150918_162511,5.0,9.0,,,,,,cell_images_only
C102,IMG_20150918_162927,5.0,0.0,,,,,,cell_images_only
C102,IMG_20150918_163054,4.0,10.0,,,,,,cell_images_only
C103,IMG_20150918_164250,6.0,11.0,point,251C103P64ThinF,6.0,196.0,1.0,both
C103,IMG_20150918_164331,4.0,11.0,point,251C103P64ThinF,4.0,203.0,0.0,both
C103,IMG_20150918_164553,7.0,12.0,point,251C103P64ThinF,7.0,181.0,0.0,both
C103,IMG_20150918_165016,5.0,11.0,point,251C103P64ThinF,5.0,162.0,0.0,both
C103,IMG_20150918_165125,4.0,12.0,point,251C103P64ThinF,4.0,185.0,0.0,both
C103,IMG_20150918_165510,13.0,11.0,,,,,,cell_images_only
C104,IMG_20150918_170850,1.0,9.0,point,252C104P65ThinF,1.0,209.0,0.0,both
C104,IMG_20150918_171154,2.0,9.0,point,252C104P65ThinF,2.0,223.0,1.0,both
C104,IMG_20150918_171751,2.0,9.0,point,252C104P65ThinF,2.0,198.0,0.0,both
C104,IMG_20150918_172053,1.0,8.0,point,252C104P65ThinF,1.0,201.0,0.0,both
C104,IMG_20150918_172214,0.0,10.0,point,252C104P65ThinF,0.0,172.0,0.0,both
C104,IMG_20150918_172247,0.0,9.0,,,,,,cell_images_only
C104,IMG_20150918_172537,1.0,9.0,,,,,,cell_images_only
C104,IMG_20150918_172639,3.0,9.0,,,,,,cell_images_only
C105,IMG_20150924_094800,2.0,9.0,point,253C105P66ThinF,2.0,141.0,0.0,both
C105,IMG_20150924_094944,0.0,8.0,point,253C105P66ThinF,0.0,180.0,0.0,both
C105,IMG_20150924_095034,3.0,9.0,point,253C105P66ThinF,3.0,156.0,0.0,both
C105,IMG_20150924_095130,4.0,7.0,point,253C105P66ThinF,4.0,163.0,0.0,both
C105,IMG_20150924_095633,1.0,9.0,point,253C105P66ThinF,1.0,131.0,0.0,both
C105,IMG_20150924_095716,2.0,8.0,,,,,,cell_images_only
C105,IMG_20150924_095913,2.0,9.0,,,,,,cell_images_only
C105,IMG_20150924_100655,3.0,9.0,,,,,,cell_images_only
C106,IMG_20150924_102245,3.0,10.0,point,254C106P67ThinF,3.0,165.0,1.0,both
C106,IMG_20150924_102413,1.0,9.0,point,254C106P67ThinF,1.0,193.0,0.0,both
C106,IMG_20150924_102826,1.0,9.0,point,254C106P67ThinF,1.0,147.0,1.0,both
C106,IMG_20150924_103245,1.0,9.0,point,254C106P67ThinF,2.0,151.0,0.0,both
C106,IMG_20150924_103636,0.0,10.0,point,254C106P67ThinF,0.0,169.0,1.0,both
C106,IMG_20150924_103811,4.0,9.0,,,,,,cell_images_only
C106,IMG_20150924_104044,3.0,10.0,,,,,,cell_images_only
C107,IMG_20150924_221632,12.0,11.0,point,255C107P68ThinF,12.0,174.0,0.0,both
C107,IMG_20150924_221801,,,point,255C107P68ThinF,15.0,157.0,2.0,thinblood_only
C107,IMG_20150924_221909,9.0,12.0,point,255C107P68ThinF,9.0,161.0,1.0,both
C107,IMG_20150924_222233,14.0,11.0,point,255C107P68ThinF,14.0,156.0,0.0,both
C107,IMG_20150924_222415,12.0,12.0,point,255C107P68ThinF,12.0,176.0,0.0,both
C107,IMG_20150924_222535,10.0,12.0,,,,,,cell_images_only
C107,IMG_20150924_222630,5.0,12.0,,,,,,cell_images_only
C108,IMG_20150924_223834,4.0,12.0,point,256C108P69ThinF,4.0,231.0,0.0,both
C108,IMG_20150924_224038,3.0,10.0,point,256C108P69ThinF,3.0,198.0,1.0,both
C108,IMG_20150924_224616,4.0,13.0,point,256C108P69ThinF,4.0,203.0,1.0,both
C108,IMG_20150924_224909,1.0,10.0,point,256C108P69ThinF,1.0,239.0,0.0,both
C108,IMG_20150924_225004,5.0,12.0,point,256C108P69ThinF,5.0,227.0,0.0,both
C108,IMG_20150924_225511,3.0,12.0,,,,,,cell_images_only
C109,IMG_20150930_102716,3.0,10.0,point,257C109P70ThinF,3.0,201.0,0.0,both
C109,IMG_20150930_102812,0.0,10.0,point,257C109P70ThinF,0.0,184.0,0.0,both
C109,IMG_20150930_102944,2.0,10.0,point,257C109P70ThinF,2.0,173.0,0.0,both
C109,IMG_20150930_103113,3.0,10.0,point,257C109P70ThinF,3.0,170.0,1.0,both
C109,IMG_20150930_103214,4.0,10.0,point,257C109P70ThinF,4.0,182.0,0.0,both
C109,IMG_20150930_103645,4.0,8.0,,,,,,cell_images_only
C109,IMG_20150930_103811,3.0,10.0,,,,,,cell_images_only
C110,IMG_20150930_105319,6.0,11.0,point,258C110P71ThinF,6.0,184.0,0.0,both
C110,IMG_20150930_105559,4.0,12.0,point,258C110P71ThinF,4.0,202.0,1.0,both
C110,IMG_20150930_105729,1.0,11.0,point,258C110P71ThinF,1.0,215.0,0.0,both
C110,IMG_20150930_105925,3.0,12.0,point,258C110P71ThinF,3.0,219.0,0.0,both
C110,IMG_20150930_110052,6.0,12.0,point,258C110P71ThinF,6.0,246.0,0.0,both
C110,IMG_20150930_110404,4.0,11.0,,,,,,cell_images_only
C111,IMG_20150930_112430,3.0,9.0,point,259C111P72ThinF,3.0,194.0,0.0,both
C111,IMG_20150930_112609,3.0,10.0,point,259C111P72ThinF,3.0,169.0,0.0,both
C111,IMG_20150930_112827,4.0,10.0,point,259C111P72ThinF,4.0,176.0,0.0,both
C111,IMG_20150930_113003,1.0,10.0,point,259C111P72ThinF,1.0,183.0,0.0,both
C111,IMG_20150930_113049,5.0,10.0,point,259C111P72ThinF,5.0,164.0,0.0,both
C111,IMG_20150930_113210,1.0,10.0,,,,,,cell_images_only
C111,IMG_20150930_113610,2.0,10.0,,,,,,cell_images_only
C112,IMG_20150930_131254,1.0,9.0,point,260C112P73ThinF,1.0,183.0,0.0,both
C112,IMG_20150930_131401,4.0,7.0,point,260C112P73ThinF,4.0,165.0,0.0,both
C112,IMG_20150930_131516,2.0,11.0,point,260C112P73ThinF,2.0,177.0,0.0,both
C112,IMG_20150930_131605,3.0,10.0,point,260C112P73ThinF,3.0,181.0,0.0,both
C112,IMG_20150930_131659,1.0,10.0,point,260C112P73ThinF,1.0,194.0,1.0,both
C112,IMG_20150930_131753,3.0,8.0,,,,,,cell_images_only
C112,IMG_20150930_131900,2.0,8.0,,,,,,cell_images_only
C113,IMG_20150930_134355,8.0,10.0,point,261C113P74ThinF,8.0,168.0,0.0,both
C113,IMG_20150930_134429,9.0,7.0,point,261C113P74ThinF,9.0,185.0,0.0,both
C113,IMG_20150930_134614,9.0,9.0,point,261C113P74ThinF,9.0,170.0,0.0,both
C113,IMG_20150930_134751,9.0,10.0,point,261C113P74ThinF,9.0,178.0,0.0,both
C113,IMG_20150930_134949,6.0,10.0,point,261C113P74ThinF,6.0,159.0,0.0,both
C113,IMG_20150930_135904,10.0,10.0,,,,,,cell_images_only
C113,IMG_20150930_140646,10.0,10.0,,,,,,cell_images_only
C114,IMG_20150930_150013,3.0,8.0,point,262C114P75ThinF,3.0,194.0,0.0,both
C114,IMG_20150930_150057,1.0,10.0,point,262C114P75ThinF,1.0,171.0,0.0,both
C114,IMG_20150930_150145,2.0,10.0,point,262C114P75ThinF,2.0,161.0,0.0,both
C114,IMG_20150930_150555,1.0,10.0,point,262C114P75ThinF,1.0,145.0,0.0,both
C114,IMG_20150930_150733,2.0,10.0,point,262C114P75ThinF,2.0,148.0,0.0,both
C114,IMG_20150930_150833,2.0,10.0,,,,,,cell_images_only
C114,IMG_20150930_151150,3.0,9.0,,,,,,cell_images_only
C115,IMG_20150930_161825,3.0,13.0,polygon,263C115P76ThinF,3.0,226.0,1.0,both
C115,IMG_20150930_162038,5.0,13.0,polygon,263C115P76ThinF,5.0,205.0,0.0,both
C115,IMG_20150930_162315,2.0,13.0,polygon,263C115P76ThinF,2.0,260.0,0.0,both
C115,IMG_20150930_163018,1.0,13.0,polygon,263C115P76ThinF,1.0,251.0,0.0,both
C115,IMG_20150930_163156,2.0,13.0,polygon,263C115P76ThinF,2.0,249.0,1.0,both
C116,IMG_20150930_171219,39.0,8.0,point,264C116P77ThinF,39.0,77.0,1.0,both
C116,IMG_20150930_171448,50.0,6.0,point,264C116P77ThinF,55.0,85.0,0.0,both
C116,IMG_20150930_171558,63.0,8.0,point,264C116P77ThinF,65.0,92.0,0.0,both
C116,IMG_20150930_171635,46.0,8.0,point,264C116P77ThinF,47.0,73.0,0.0,both
C116,IMG_20150930_171739,44.0,7.0,point,264C116P77ThinF,45.0,74.0,1.0,both
C116,IMG_20150930_171809,30.0,8.0,,,,,,cell_images_only
C116,IMG_20150930_171844,47.0,7.0,,,,,,cell_images_only
C116,IMG_20150930_171954,43.0,8.0,,,,,,cell_images_only
C116,IMG_20150930_172112,52.0,8.0,,,,,,cell_images_only
C117,IMG_20150930_214138,8.0,7.0,point,265C117P78ThinF,9.0,105.0,0.0,both
C117,IMG_20150930_214317,5.0,5.0,point,265C117P78ThinF,5.0,114.0,0.0,both
C117,IMG_20150930_214511,6.0,6.0,point,265C117P78ThinF,6.0,98.0,0.0,both
C117,IMG_20150930_214629,7.0,8.0,point,265C117P78ThinF,7.0,105.0,0.0,both
C117,IMG_20150930_214941,11.0,7.0,point,265C117P78ThinF,11.0,75.0,0.0,both
C117,IMG_20150930_215322,5.0,7.0,,,,,,cell_images_only
C117,IMG_20150930_220616,5.0,6.0,,,,,,cell_images_only
C117,IMG_20150930_221048,7.0,7.0,,,,,,cell_images_only
C117,IMG_20150930_221812,7.0,7.0,,,,,,cell_images_only
C117,IMG_20150930_221927,8.0,7.0,,,,,,cell_images_only
C117,IMG_20150930_222228,5.0,7.0,,,,,,cell_images_only
C118,IMG_20151002_104831,25.0,9.0,point,266C118P79ThinF,25.0,144.0,0.0,both
C118,IMG_20151002_105018,31.0,9.0,point,266C118P79ThinF,31.0,133.0,0.0,both
C118,IMG_20151002_105125,26.0,9.0,point,266C118P79ThinF,26.0,137.0,0.0,both
C118,IMG_20151002_105346,19.0,8.0,point,266C118P79ThinF,20.0,152.0,1.0,both
C118,IMG_20151002_105735,22.0,9.0,point,266C118P79ThinF,22.0,139.0,0.0,both
C118,IMG_20151002_105827,30.0,9.0,,,,,,cell_images_only
C118,IMG_20151002_110002,26.0,0.0,,,,,,cell_images_only
C118,IMG_20151002_110212,17.0,0.0,,,,,,cell_images_only
C118,IMG_20151002_110609,20.0,0.0,,,,,,cell_images_only
C118,IMG_20151002_110725,20.0,8.0,,,,,,cell_images_only
C118,IMG_20151002_110834,27.0,9.0,,,,,,cell_images_only
C118,IMG_20151002_110942,20.0,0.0,,,,,,cell_images_only
C119,IMG_20151002_122720,15.0,10.0,point,267C119P80ThinF,15.0,163.0,0.0,both
C119,IMG_20151002_123043,16.0,9.0,point,267C119P80ThinF,16.0,159.0,0.0,both
C119,IMG_20151002_123608,15.0,8.0,point,267C119P80ThinF,15.0,144.0,1.0,both
C119,IMG_20151002_123911,19.0,10.0,point,267C119P80ThinF,19.0,127.0,0.0,both
C119,IMG_20151002_124304,13.0,10.0,point,267C119P80ThinF,13.0,164.0,1.0,both
C119,IMG_20151002_124345,25.0,9.0,,,,,,cell_images_only
C119,IMG_20151002_124425,14.0,9.0,,,,,,cell_images_only
C12,IMG_20150614_124212,0.0,13.0,point,239C12NThinF,0.0,292.0,1.0,both
C12,IMG_20150614_124244,0.0,14.0,point,239C12NThinF,0.0,283.0,0.0,both
C12,IMG_20150614_124301,0.0,13.0,point,239C12NThinF,0.0,277.0,3.0,both
C12,IMG_20150614_125703,0.0,14.0,point,239C12NThinF,0.0,256.0,0.0,both
C12,IMG_20150614_125741,0.0,14.0,point,239C12NThinF,0.0,297.0,1.0,both
C120,IMG_20151002_125443,18.0,11.0,point,268C120P81ThinF,19.0,137.0,0.0,both
C120,IMG_20151002_130150,16.0,11.0,point,268C120P81ThinF,17.0,224.0,0.0,both
C120,IMG_20151002_130407,17.0,11.0,point,268C120P81ThinF,18.0,196.0,0.0,both
C120,IMG_20151002_130715,9.0,12.0,point,268C120P81ThinF,9.0,201.0,0.0,both
C120,IMG_20151002_130918,25.0,12.0,point,268C120P81ThinF,25.0,207.0,0.0,both
C120,IMG_20151002_131120,11.0,11.0,,,,,,cell_images_only
C121,IMG_20151002_132926,0.0,6.0,point,269C121P82ThinF,0.0,83.0,0.0,both
C121,IMG_20151002_133001,0.0,6.0,point,269C121P82ThinF,0.0,74.0,0.0,both
C121,IMG_20151002_133158,0.0,6.0,point,269C121P82ThinF,0.0,77.0,1.0,both
C121,IMG_20151002_133427,0.0,6.0,point,269C121P82ThinF,0.0,84.0,1.0,both
C121,IMG_20151002_133540,0.0,6.0,point,269C121P82ThinF,0.0,86.0,0.0,both
C121,IMG_20151002_133631,1.0,5.0,,,,,,cell_images_only
C121,IMG_20151002_133739,0.0,7.0,,,,,,cell_images_only
C121,IMG_20151002_134014,0.0,6.0,,,,,,cell_images_only
C121,IMG_20151002_134659,2.0,6.0,,,,,,cell_images_only
C121,IMG_20151002_134805,0.0,6.0,,,,,,cell_images_only
C121,IMG_20151002_134953,1.0,6.0,,,,,,cell_images_only
C121,IMG_20151002_135054,1.0,5.0,,,,,,cell_images_only
C121,IMG_20151002_135237,2.0,6.0,,,,,,cell_images_only
C122,IMG_20151002_144341,0.0,8.0,polygon,270C122P83ThinF,0.0,169.0,0.0,both
C122,IMG_20151002_144610,0.0,7.0,polygon,270C122P83ThinF,0.0,141.0,0.0,both
C122,IMG_20151002_144855,1.0,7.0,polygon,270C122P83ThinF,1.0,152.0,0.0,both
C122,IMG_20151002_145014,1.0,8.0,polygon,270C122P83ThinF,1.0,173.0,0.0,both
C122,IMG_20151002_145330,1.0,7.0,polygon,270C122P83ThinF,1.0,160.0,0.0,both
C122,IMG_20151002_145415,1.0,9.0,,,,,,cell_images_only
C122,IMG_20151002_145751,1.0,8.0,,,,,,cell_images_only
C122,IMG_20151002_145918,0.0,7.0,,,,,,cell_images_only
C122,IMG_20151002_150207,1.0,8.0,,,,,,cell_images_only
C123,IMG_20151002_150931,12.0,11.0,point,271C123P84ThinF,12.0,202.0,0.0,both
C123,IMG_20151002_151143,9.0,12.0,point,271C123P84ThinF,10.0,193.0,0.0,both
C123,IMG_20151002_151432,16.0,11.0,point,271C123P84ThinF,16.0,164.0,0.0,both
C123,IMG_20151002_151851,9.0,12.0,point,271C123P84ThinF,9.0,182.0,1.0,both
C123,IMG_20151002_152144,9.0,11.0,point,271C123P84ThinF,9.0,188.0,0.0,both
C123,IMG_20151002_152330,8.0,11.0,,,,,,cell_images_only
C124,IMG_20151002_153825,7.0,10.0,point,272C124P85ThinF,7.0,199.0,0.0,both
C124,IMG_20151002_154502,3.0,10.0,point,272C124P85ThinF,3.0,163.0,0.0,both
C124,IMG_20151002_154808,8.0,10.0,point,272C124P85ThinF,8.0,142.0,0.0,both
C124,IMG_20151002_154846,12.0,9.0,point,272C124P85ThinF,12.0,159.0,0.0,both
C124,IMG_20151002_155026,6.0,9.0,point,272C124P85ThinF,6.0,176.0,0.0,both
C124,IMG_20151002_155101,4.0,9.0,,,,,,cell_images_only
C124,IMG_20151002_155223,7.0,10.0,,,,,,cell_images_only
C125,IMG_20151004_101158,3.0,10.0,point,273C125P86ThinF,4.0,154.0,0.0,both
C125,IMG_20151004_101929,1.0,10.0,point,273C125P86ThinF,1.0,155.0,0.0,both
C125,IMG_20151004_102013,1.0,10.0,point,273C125P86ThinF,1.0,169.0,0.0,both
C125,IMG_20151004_102053,3.0,10.0,point,273C125P86ThinF,3.0,153.0,0.0,both
C125,IMG_20151004_102132,1.0,10.0,point,273C125P86ThinF,2.0,159.0,0.0,both
C125,IMG_20151004_102205,2.0,10.0,,,,,,cell_images_only
C125,IMG_20151004_102619,2.0,10.0,,,,,,cell_images_only
C126,IMG_20151004_104408,5.0,8.0,polygon,274C126P87ThinF,5.0,162.0,0.0,both
C126,IMG_20151004_104441,5.0,8.0,polygon,274C126P87ThinF,5.0,118.0,0.0,both
C126,IMG_20151004_104623,2.0,7.0,polygon,274C126P87ThinF,2.0,124.0,1.0,both
C126,IMG_20151004_104651,3.0,0.0,,,,,,cell_images_only
C126,IMG_20151004_104728,6.0,7.0,polygon,274C126P87ThinF,6.0,126.0,0.0,both
C126,IMG_20151004_104813,4.0,9.0,polygon,274C126P87ThinF,4.0,148.0,0.0,both
C126,IMG_20151004_105100,10.0,6.0,,,,,,cell_images_only
C126,IMG_20151004_105234,4.0,8.0,,,,,,cell_images_only
C126,IMG_20151004_105342,7.0,7.0,,,,,,cell_images_only
C126,IMG_20151004_105844,5.0,9.0,,,,,,cell_images_only
C127,IMG_20151004_111220,1.0,8.0,point,275C127P88ThinF,1.0,147.0,0.0,both
C127,IMG_20151004_111436,3.0,8.0,point,275C127P88ThinF,3.0,141.0,1.0,both
C127,IMG_20151004_111526,1.0,8.0,point,275C127P88ThinF,1.0,101.0,0.0,both
C127,IMG_20151004_111651,1.0,6.0,point,275C127P88ThinF,1.0,138.0,0.0,both
C127,IMG_20151004_111755,2.0,8.0,point,275C127P88ThinF,2.0,118.0,0.0,both
C127,IMG_20151004_112004,0.0,8.0,,,,,,cell_images_only
C127,IMG_20151004_112126,1.0,7.0,,,,,,cell_images_only
C127,IMG_20151004_112301,3.0,8.0,,,,,,cell_images_only
C127,IMG_20151004_112418,1.0,8.0,,,,,,cell_images_only
C128,IMG_20151004_130408,17.0,9.0,polygon,276C128P89ThinF,17.0,149.0,0.0,both
C128,IMG_20151004_130549,14.0,9.0,polygon,276C128P89ThinF,14.0,141.0,0.0,both
C128,IMG_20151004_130810,19.0,9.0,polygon,276C128P89ThinF,19.0,147.0,0.0,both
C128,IMG_20151004_131030,18.0,9.0,polygon,276C128P89ThinF,18.0,153.0,0.0,both
C128,IMG_20151004_131129,17.0,9.0,polygon,276C128P89ThinF,18.0,163.0,1.0,both
C128,IMG_20151004_131231,23.0,7.0,,,,,,cell_images_only
C128,IMG_20151004_131632,13.0,9.0,,,,,,cell_images_only
C128,IMG_20151004_131753,15.0,9.0,,,,,,cell_images_only
C129,IMG_20151004_133244,28.0,9.0,point,277C129P90ThinF,28.0,100.0,0.0,both
C129,IMG_20151004_133329,23.0,9.0,point,277C129P90ThinF,23.0,96.0,0.0,both
C129,IMG_20151004_133421,23.0,8.0,point,277C129P90ThinF,23.0,96.0,0.0,both
C129,IMG_20151004_133538,33.0,10.0,point,277C129P90ThinF,33.0,80.0,1.0,both
C129,IMG_20151004_133703,32.0,9.0,point,277C129P90ThinF,32.0,87.0,0.0,both
C129,IMG_20151004_133921,24.0,8.0,,,,,,cell_images_only
C129,IMG_20151004_134306,29.0,10.0,,,,,,cell_images_only
C129,IMG_20151004_134520,29.0,9.0,,,,,,cell_images_only
C129,IMG_20151004_134636,30.0,0.0,,,,,,cell_images_only
C129,IMG_20151004_134700,33.0,0.0,,,,,,cell_images_only
C129,IMG_20151004_134944,30.0,0.0,,,,,,cell_images_only
C13,IMG_20150614_131318,0.0,12.0,point,240C13NThinF,0.0,242.0,1.0,both
C13,IMG_20150614_131417,0.0,12.0,point,240C13NThinF,0.0,240.0,0.0,both
C13,IMG_20150614_131457,0.0,11.0,point,240C13NThinF,0.0,246.0,2.0,both
C13,IMG_20150614_131529,0.0,11.0,point,240C13NThinF,0.0,269.0,0.0,both
C13,IMG_20150614_131553,0.0,11.0,point,240C13NThinF,0.0,251.0,1.0,both
C13,IMG_20150614_131617,0.0,12.0,,,,,,cell_images_only
C130,IMG_20151004_135449,17.0,9.0,point,278C130P91ThinF,18.0,125.0,0.0,both
C130,IMG_20151004_141341,11.0,9.0,point,278C130P91ThinF,11.0,156.0,0.0,both
C130,IMG_20151004_141428,15.0,9.0,point,278C130P91ThinF,17.0,134.0,0.0,both
C130,IMG_20151004_141504,13.0,8.0,point,278C130P91ThinF,13.0,155.0,1.0,both
C130,IMG_20151004_141825,11.0,9.0,point,278C130P91ThinF,12.0,134.0,0.0,both
C130,IMG_20151004_142109,16.0,8.0,,,,,,cell_images_only
C130,IMG_20151004_142709,12.0,9.0,,,,,,cell_images_only
C130,IMG_20151004_142951,21.0,8.0,,,,,,cell_images_only
C131,IMG_20151004_144943,,,point,279C131P92ThinF,14.0,149.0,4.0,thinblood_only
C131,IMG_20151004_145224,13.0,11.0,point,279C131P92ThinF,13.0,142.0,2.0,both
C131,IMG_20151004_145302,5.0,12.0,point,279C131P92ThinF,5.0,136.0,0.0,both
C131,IMG_20151004_145410,8.0,11.0,point,279C131P92ThinF,9.0,177.0,2.0,both
C131,IMG_20151004_150208,6.0,12.0,point,279C131P92ThinF,6.0,150.0,1.0,both
C131,IMG_20151004_151001,12.0,11.0,,,,,,cell_images_only
C131,IMG_20151004_151126,6.0,12.0,,,,,,cell_images_only
C132,IMG_20151004_151701,57.0,9.0,point,280C132P93ThinF,57.0,129.0,0.0,both
C132,IMG_20151004_151733,55.0,9.0,point,280C132P93ThinF,56.0,141.0,0.0,both
C132,IMG_20151004_151811,48.0,10.0,point,280C132P93ThinF,48.0,128.0,1.0,both
C132,IMG_20151004_151941,52.0,0.0,,,,,,cell_images_only
C132,IMG_20151004_152045,58.0,10.0,point,280C132P93ThinF,58.0,111.0,0.0,both
C132,IMG_20151004_152257,50.0,10.0,point,280C132P93ThinF,50.0,110.0,0.0,both
C132,IMG_20151004_152353,50.0,8.0,,,,,,cell_images_only
C132,IMG_20151004_152505,48.0,9.0,,,,,,cell_images_only
C132,IMG_20151004_152642,54.0,0.0,,,,,,cell_images_only
C132,IMG_20151004_152808,58.0,0.0,,,,,,cell_images_only
C132,IMG_20151004_153030,44.0,0.0,,,,,,cell_images_only
C133,IMG_20151004_153930,16.0,6.0,point,281C133P94ThinF,16.0,101.0,0.0,both
C133,IMG_20151004_154158,19.0,6.0,point,281C133P94ThinF,19.0,106.0,0.0,both
C133,IMG_20151004_154351,31.0,7.0,point,281C133P94ThinF,31.0,93.0,0.0,both
C133,IMG_20151004_154512,28.0,7.0,point,281C133P94ThinF,28.0,119.0,0.0,both
C133,IMG_20151004_154717,22.0,6.0,point,281C133P94ThinF,22.0,120.0,0.0,both
C133,IMG_20151004_154919,31.0,8.0,,,,,,cell_images_only
C133,IMG_20151004_155012,23.0,0.0,,,,,,cell_images_only
C133,IMG_20151004_155144,28.0,6.0,,,,,,cell_images_only
C133,IMG_20151004_155331,18.0,6.0,,,,,,cell_images_only
C133,IMG_20151004_155518,29.0,6.0,,,,,,cell_images_only
C133,IMG_20151004_155721,17.0,7.0,,,,,,cell_images_only
C133,IMG_20151004_155912,20.0,0.0,,,,,,cell_images_only
C134,IMG_20151005_121048,2.0,7.0,polygon,282C134P95ThinF,2.0,126.0,1.0,both
C134,IMG_20151005_121343,3.0,7.0,polygon,282C134P95ThinF,3.0,124.0,0.0,both
C134,IMG_20151005_121425,1.0,7.0,polygon,282C134P95ThinF,1.0,128.0,1.0,both
C134,IMG_20151005_121554,2.0,7.0,polygon,282C134P95ThinF,2.0,130.0,2.0,both
C134,IMG_20151005_121656,2.0,7.0,polygon,282C134P95ThinF,2.0,105.0,0.0,both
C134,IMG_20151005_121834,4.0,7.0,,,,,,cell_images_only
C134,IMG_20151005_121952,4.0,7.0,,,,,,cell_images_only
C134,IMG_20151005_122331,2.0,7.0,,,,,,cell_images_only
C134,IMG_20151005_122449,2.0,7.0,,,,,,cell_images_only
C134,IMG_20151005_122552,6.0,7.0,,,,,,cell_images_only
C135,IMG_20151005_123441,3.0,9.0,point,283C135P96ThinF,3.0,198.0,1.0,both
C135,IMG_20151005_123715,1.0,10.0,point,283C135P96ThinF,1.0,169.0,0.0,both
C135,IMG_20151005_123857,3.0,9.0,point,283C135P96ThinF,3.0,166.0,1.0,both
C135,IMG_20151005_124031,2.0,11.0,point,283C135P96ThinF,2.0,164.0,0.0,both
C135,IMG_20151005_124204,1.0,8.0,point,283C135P96ThinF,1.0,127.0,0.0,both
C135,IMG_20151005_124359,2.0,8.0,,,,,,cell_images_only
C135,IMG_20151005_124444,0.0,9.0,,,,,,cell_images_only
C136,IMG_20151005_140538,30.0,8.0,point,284C136P97ThinF,30.0,94.0,0.0,both
C136,IMG_20151005_140646,30.0,7.0,point,284C136P97ThinF,30.0,100.0,0.0,both
C136,IMG_20151005_141321,21.0,8.0,point,284C136P97ThinF,21.0,90.0,1.0,both
C136,IMG_20151005_141552,13.0,0.0,,,,,,cell_images_only
C136,IMG_20151005_141803,28.0,7.0,point,284C136P97ThinF,28.0,107.0,0.0,both
C136,IMG_20151005_141946,28.0,8.0,point,284C136P97ThinF,28.0,94.0,0.0,both
C136,IMG_20151005_142437,32.0,8.0,,,,,,cell_images_only
C136,IMG_20151005_142627,25.0,0.0,,,,,,cell_images_only
C136,IMG_20151005_143329,26.0,8.0,,,,,,cell_images_only
C136,IMG_20151005_143743,28.0,8.0,,,,,,cell_images_only
C136,IMG_20151005_144449,35.0,0.0,,,,,,cell_images_only
C136,IMG_20151005_144727,31.0,8.0,,,,,,cell_images_only
C137,IMG_20151005_155444,14.0,6.0,point,285C137P98ThinF,14.0,93.0,0.0,both
C137,IMG_20151005_155704,19.0,6.0,point,285C137P98ThinF,19.0,55.0,1.0,both
C137,IMG_20151005_160122,12.0,6.0,point,285C137P98ThinF,12.0,75.0,1.0,both
C137,IMG_20151005_160256,13.0,6.0,point,285C137P98ThinF,14.0,66.0,1.0,both
C137,IMG_20151005_160918,20.0,6.0,point,285C137P98ThinF,20.0,65.0,0.0,both
C137,IMG_20151005_161306,22.0,0.0,,,,,,cell_images_only
C137,IMG_20151005_161449,18.0,0.0,,,,,,cell_images_only
C137,IMG_20151005_161659,17.0,0.0,,,,,,cell_images_only
C137,IMG_20151005_161859,15.0,6.0,,,,,,cell_images_only
C137,IMG_20151005_162010,21.0,5.0,,,,,,cell_images_only
C137,IMG_20151005_162348,18.0,0.0,,,,,,cell_images_only
C137,IMG_20151005_162437,10.0,5.0,,,,,,cell_images_only
C137,IMG_20151005_162648,10.0,0.0,,,,,,cell_images_only
C137,IMG_20151005_163218,20.0,6.0,,,,,,cell_images_only
C137,IMG_20151005_163251,22.0,6.0,,,,,,cell_images_only
C137,IMG_20151005_163335,12.0,0.0,,,,,,cell_images_only
C137,IMG_20151005_163712,15.0,6.0,,,,,,cell_images_only
C137,IMG_20151005_163901,17.0,6.0,,,,,,cell_images_only
C137,IMG_20151005_163946,17.0,0.0,,,,,,cell_images_only
C137,IMG_20151005_164119,20.0,6.0,,,,,,cell_images_only
C138,IMG_20151005_170905,2.0,9.0,point,286C138P99ThinF,2.0,183.0,0.0,both
C138,IMG_20151005_171116,0.0,10.0,point,286C138P99ThinF,0.0,184.0,1.0,both
C138,IMG_20151005_171332,0.0,10.0,point,286C138P99ThinF,0.0,176.0,1.0,both
C138,IMG_20151005_171940,0.0,10.0,point,286C138P99ThinF,0.0,177.0,0.0,both
C138,IMG_20151005_172643,,,point,286C138P99ThinF,1.0,164.0,1.0,thinblood_only
C138,IMG_20151005_172849,0.0,9.0,,,,,,cell_images_only
C138,IMG_20151005_173241,2.0,10.0,,,,,,cell_images_only
C138,IMG_20151005_173453,2.0,10.0,,,,,,cell_images_only
C139,IMG_20151005_182257,2.0,9.0,point,287C139P100ThinF,2.0,189.0,1.0,both
C139,IMG_20151005_182410,4.0,10.0,point,287C139P100ThinF,4.0,175.0,0.0,both
C139,IMG_20151005_182527,0.0,10.0,point,287C139P100ThinF,0.0,165.0,0.0,both
C139,IMG_20151005_182822,4.0,10.0,point,287C139P100ThinF,4.0,164.0,0.0,both
C139,IMG_20151005_183338,2.0,9.0,point,287C139P100ThinF,2.0,145.0,1.0,both
C139,IMG_20151005_183521,3.0,10.0,,,,,,cell_images_only
C139,IMG_20151005_183601,4.0,9.0,,,,,,cell_images_only
C140,IMG_20151005_205406,14.0,9.0,point,288C140P101ThinF,14.0,169.0,0.0,both
C140,IMG_20151005_205922,13.0,10.0,point,288C140P101ThinF,13.0,190.0,1.0,both
C140,IMG_20151005_210026,15.0,10.0,point,288C140P101ThinF,15.0,170.0,0.0,both
C140,IMG_20151005_210207,11.0,10.0,point,288C140P101ThinF,11.0,162.0,0.0,both
C140,IMG_20151005_210309,18.0,10.0,point,288C140P101ThinF,18.0,178.0,0.0,both
C140,IMG_20151005_211530,13.0,10.0,,,,,,cell_images_only
C140,IMG_20151005_211735,14.0,10.0,,,,,,cell_images_only
C141,IMG_20151005_213930,2.0,8.0,point,289C141P102ThinF,2.0,119.0,0.0,both
C141,IMG_20151005_214033,4.0,8.0,point,289C141P102ThinF,4.0,114.0,0.0,both
C141,IMG_20151005_214208,5.0,8.0,point,289C141P102ThinF,5.0,108.0,0.0,both
C141,IMG_20151005_214338,1.0,8.0,point,289C141P102ThinF,1.0,137.0,0.0,both
C141,IMG_20151005_214615,1.0,8.0,point,289C141P102ThinF,1.0,146.0,0.0,both
C141,IMG_20151005_214836,2.0,8.0,,,,,,cell_images_only
C141,IMG_20151005_215348,3.0,8.0,,,,,,cell_images_only
C141,IMG_20151005_215711,1.0,8.0,,,,,,cell_images_only
C141,IMG_20151005_215906,1.0,8.0,,,,,,cell_images_only
C142,IMG_20151005_221115,2.0,11.0,point,290C142P103ThinF,2.0,194.0,0.0,both
C142,IMG_20151005_221900,3.0,12.0,point,290C142P103ThinF,3.0,198.0,0.0,both
C142,IMG_20151005_221931,4.0,12.0,point,290C142P103ThinF,4.0,194.0,0.0,both
C142,IMG_20151005_222255,0.0,12.0,point,290C142P103ThinF,0.0,184.0,0.0,both
C142,IMG_20151005_222440,1.0,12.0,point,290C142P103ThinF,1.0,182.0,0.0,both
C142,IMG_20151005_223257,4.0,12.0,,,,,,cell_images_only
C143,IMG_20151005_225413,1.0,11.0,point,291C143P104ThinF,1.0,195.0,0.0,both
C143,IMG_20151005_225454,1.0,12.0,point,291C143P104ThinF,3.0,200.0,0.0,both
C143,IMG_20151005_225528,4.0,11.0,point,291C143P104ThinF,5.0,183.0,0.0,both
C143,IMG_20151005_225623,2.0,11.0,point,291C143P104ThinF,2.0,176.0,0.0,both
C143,IMG_20151005_225746,2.0,10.0,point,291C143P104ThinF,2.0,181.0,0.0,both
C143,IMG_20151005_230100,4.0,12.0,,,,,,cell_images_only
C144,IMG_20151015_155004,17.0,11.0,point,292C144P105ThinF,17.0,301.0,0.0,both
C144,IMG_20151015_155149,11.0,12.0,point,292C144P105ThinF,11.0,302.0,0.0,both
C144,IMG_20151015_160529,12.0,9.0,point,292C144P105ThinF,12.0,270.0,0.0,both
C144,IMG_20151015_160908,15.0,12.0,point,292C144P105ThinF,15.0,285.0,1.0,both
C144,IMG_20151015_163142,12.0,12.0,point,292C144P105ThinF,12.0,315.0,0.0,both
C144,IMG_20151015_163432,13.0,12.0,,,,,,cell_images_only
C145,IMG_20151016_154309,4.0,9.0,point,293C145P106ThinF,4.0,154.0,0.0,both
C145,IMG_20151016_154641,4.0,9.0,point,293C145P106ThinF,4.0,143.0,0.0,both
C145,IMG_20151016_154719,9.0,9.0,point,293C145P106ThinF,9.0,154.0,1.0,both
C145,IMG_20151016_154756,3.0,8.0,point,293C145P106ThinF,3.0,113.0,1.0,both
C145,IMG_20151016_154844,3.0,8.0,point,293C145P106ThinF,3.0,162.0,0.0,both
C145,IMG_20151016_154921,4.0,9.0,,,,,,cell_images_only
C145,IMG_20151016_155051,2.0,9.0,,,,,,cell_images_only
C145,IMG_20151016_155121,8.0,9.0,,,,,,cell_images_only
C146,IMG_20151018_134554,11.0,12.0,point,329C146P107ThinF,11.0,247.0,0.0,both
C146,IMG_20151018_135703,9.0,11.0,point,329C146P107ThinF,9.0,219.0,0.0,both
C146,IMG_20151018_135846,5.0,10.0,point,329C146P107ThinF,5.0,217.0,1.0,both
C146,IMG_20151018_140044,6.0,13.0,point,329C146P107ThinF,6.0,221.0,0.0,both
C146,IMG_20151018_140342,6.0,12.0,point,329C146P107ThinF,6.0,250.0,1.0,both
C146,IMG_20151018_140439,4.0,12.0,,,,,,cell_images_only
C147,IMG_20151115_092605,5.0,10.0,point,330C147P108ThinF,5.0,228.0,0.0,both
C147,IMG_20151115_092900,0.0,12.0,point,330C147P108ThinF,0.0,181.0,0.0,both
C147,IMG_20151115_095606,2.0,11.0,point,330C147P108ThinF,2.0,180.0,0.0,both
C147,IMG_20151115_101156,0.0,12.0,point,330C147P108ThinF,0.0,182.0,0.0,both
C147,IMG_20151115_101317,3.0,11.0,point,330C147P108ThinF,3.0,199.0,3.0,both
C147,IMG_20151115_102118,1.0,0.0,,,,,,cell_images_only
C147,IMG_20151115_103432,0.0,12.0,,,,,,cell_images_only
C148,IMG_20151115_112253,4.0,13.0,point,331C148P109ThinF,4.0,220.0,0.0,both
C148,IMG_20151115_112333,9.0,13.0,point,331C148P109ThinF,10.0,241.0,0.0,both
C148,IMG_20151115_112445,5.0,14.0,point,331C148P109ThinF,5.0,240.0,0.0,both
C148,IMG_20151115_112538,1.0,14.0,point,331C148P109ThinF,1.0,212.0,0.0,both
C148,IMG_20151115_112855,6.0,14.0,point,331C148P109ThinF,6.0,254.0,0.0,both
C149,IMG_20151115_114555,14.0,13.0,point,332C149P110ThinF,14.0,296.0,0.0,both
C149,IMG_20151115_114629,5.0,12.0,point,332C149P110ThinF,5.0,268.0,0.0,both
C149,IMG_20151115_114729,14.0,14.0,point,332C149P110ThinF,14.0,263.0,0.0,both
C149,IMG_20151115_114910,11.0,14.0,point,332C149P110ThinF,11.0,283.0,2.0,both
C149,IMG_20151115_115154,10.0,14.0,point,332C149P110ThinF,10.0,248.0,1.0,both
C150,IMG_20151115_115805,0.0,14.0,point,333C150P111ThinF,0.0,203.0,0.0,both
C150,IMG_20151115_115922,1.0,12.0,point,333C150P111ThinF,1.0,233.0,1.0,both
C150,IMG_20151115_115950,0.0,14.0,point,333C150P111ThinF,0.0,200.0,0.0,both
C150,IMG_20151115_120029,0.0,13.0,point,333C150P111ThinF,0.0,228.0,0.0,both
C150,IMG_20151115_120244,0.0,14.0,point,333C150P111ThinF,0.0,222.0,0.0,both
C151,IMG_20151115_121644,1.0,14.0,point,334C151P112ThinF,1.0,257.0,0.0,both
C151,IMG_20151115_121725,1.0,14.0,point,334C151P112ThinF,1.0,224.0,0.0,both
C151,IMG_20151115_121843,0.0,14.0,point,334C151P112ThinF,0.0,255.0,0.0,both
C151,IMG_20151115_121942,1.0,13.0,point,334C151P112ThinF,1.0,228.0,0.0,both
C151,IMG_20151115_122342,2.0,13.0,point,334C151P112ThinF,3.0,246.0,1.0,both
C152,IMG_20151115_123837,1.0,10.0,point,335C152P113ThinF,1.0,148.0,0.0,both
C152,IMG_20151115_124032,1.0,10.0,point,335C152P113ThinF,1.0,203.0,1.0,both
C152,IMG_20151115_124217,1.0,10.0,point,335C152P113ThinF,1.0,162.0,0.0,both
C152,IMG_20151115_124323,2.0,10.0,point,335C152P113ThinF,2.0,160.0,1.0,both
C152,IMG_20151115_124557,3.0,10.0,point,335C152P113ThinF,3.0,172.0,0.0,both
C152,IMG_20151115_124853,0.0,10.0,,,,,,cell_images_only
C152,IMG_20151115_125038,2.0,10.0,,,,,,cell_images_only
C153,IMG_20151115_135639,1.0,14.0,point,336C153P114ThinF,1.0,288.0,0.0,both
C153,IMG_20151115_135746,2.0,13.0,point,336C153P114ThinF,2.0,271.0,1.0,both
C153,IMG_20151115_135832,2.0,11.0,point,336C153P114ThinF,2.0,287.0,0.0,both
C153,IMG_20151115_135911,1.0,13.0,point,336C153P114ThinF,1.0,250.0,0.0,both
C153,IMG_20151115_140242,1.0,14.0,point,336C153P114ThinF,1.0,282.0,1.0,both
C154,IMG_20151115_141336,7.0,10.0,point,337C154P115ThinF,7.0,229.0,0.0,both
C154,IMG_20151115_141407,7.0,11.0,point,337C154P115ThinF,8.0,221.0,0.0,both
C154,IMG_20151115_141507,0.0,12.0,point,337C154P115ThinF,0.0,213.0,0.0,both
C154,IMG_20151115_141543,5.0,11.0,point,337C154P115ThinF,5.0,215.0,0.0,both
C154,IMG_20151115_141621,2.0,12.0,point,337C154P115ThinF,2.0,192.0,0.0,both
C154,IMG_20151115_141837,3.0,11.0,,,,,,cell_images_only
C155,IMG_20151115_142526,1.0,10.0,point,338C155P116ThinF,1.0,178.0,0.0,both
C155,IMG_20151115_142805,1.0,10.0,point,338C155P116ThinF,1.0,196.0,1.0,both
C155,IMG_20151115_142836,0.0,8.0,point,338C155P116ThinF,0.0,204.0,0.0,both
C155,IMG_20151115_143051,0.0,10.0,point,338C155P116ThinF,0.0,182.0,0.0,both
C155,IMG_20151115_143125,0.0,9.0,point,338C155P116ThinF,0.0,178.0,0.0,both
C155,IMG_20151115_143156,0.0,10.0,,,,,,cell_images_only
C155,IMG_20151115_143330,0.0,10.0,,,,,,cell_images_only
C156,IMG_20151115_153831,6.0,13.0,point,339C156P117ThinF,6.0,258.0,0.0,both
C156,IMG_20151115_154022,6.0,13.0,point,339C156P117ThinF,6.0,277.0,0.0,both
C156,IMG_20151115_154313,6.0,14.0,point,339C156P117ThinF,6.0,274.0,0.0,both
C156,IMG_20151115_154435,5.0,14.0,point,339C156P117ThinF,5.0,295.0,0.0,both
C156,IMG_20151115_155104,8.0,14.0,point,339C156P117ThinF,8.0,254.0,0.0,both
C157,IMG_20151115_162818,6.0,10.0,point,340C157P118ThinF,6.0,183.0,0.0,both
C157,IMG_20151115_163611,6.0,10.0,point,340C157P118ThinF,6.0,216.0,0.0,both
C157,IMG_20151115_163759,5.0,10.0,point,340C157P118ThinF,5.0,186.0,1.0,both
C157,IMG_20151115_163915,5.0,10.0,point,340C157P118ThinF,6.0,173.0,1.0,both
C157,IMG_20151115_164026,6.0,10.0,point,340C157P118ThinF,6.0,229.0,0.0,both
C157,IMG_20151115_164141,5.0,10.0,,,,,,cell_images_only
C157,IMG_20151115_164755,6.0,8.0,,,,,,cell_images_only
C158,IMG_20151115_181035,12.0,11.0,point,341C158P119ThinF,12.0,169.0,0.0,both
C158,IMG_20151115_181136,8.0,12.0,point,341C158P119ThinF,8.0,195.0,0.0,both
C158,IMG_20151115_181436,4.0,11.0,point,341C158P119ThinF,4.0,201.0,0.0,both
C158,IMG_20151115_181558,7.0,13.0,point,341C158P119ThinF,7.0,194.0,0.0,both
C158,IMG_20151115_181859,11.0,10.0,point,341C158P119ThinF,11.0,193.0,0.0,both
C158,IMG_20151115_183157,7.0,11.0,,,,,,cell_images_only
C159,IMG_20151115_185541,16.0,11.0,point,342C159P120ThinF,16.0,176.0,0.0,both
C159,IMG_20151115_190002,12.0,10.0,point,342C159P120ThinF,12.0,225.0,0.0,both
C159,IMG_20151115_190421,15.0,12.0,point,342C159P120ThinF,15.0,193.0,0.0,both
C159,IMG_20151115_190642,10.0,12.0,point,342C159P120ThinF,10.0,198.0,0.0,both
C159,IMG_20151115_190812,11.0,11.0,point,342C159P120ThinF,11.0,243.0,2.0,both
C159,IMG_20151115_191301,11.0,11.0,,,,,,cell_images_only
C160,IMG_20151116_092925,2.0,9.0,polygon,343C160P121ThinF,2.0,152.0,0.0,both
C160,IMG_20151116_093109,0.0,8.0,polygon,343C160P121ThinF,0.0,149.0,0.0,both
C160,IMG_20151116_093629,0.0,8.0,polygon,343C160P121ThinF,0.0,145.0,0.0,both
C160,IMG_20151116_093704,1.0,9.0,polygon,343C160P121ThinF,1.0,144.0,0.0,both
C160,IMG_20151116_093748,0.0,9.0,polygon,343C160P121ThinF,0.0,163.0,0.0,both
C160,IMG_20151116_094128,1.0,8.0,,,,,,cell_images_only
C160,IMG_20151116_094338,1.0,9.0,,,,,,cell_images_only
C160,IMG_20151116_094509,0.0,8.0,,,,,,cell_images_only
C161,IMG_20151116_100724,0.0,7.0,point,344C161P122ThinF,0.0,98.0,0.0,both
C161,IMG_20151116_100840,0.0,6.0,point,344C161P122ThinF,0.0,101.0,1.0,both
C161,IMG_20151116_100959,1.0,6.0,point,344C161P122ThinF,1.0,116.0,1.0,both
C161,IMG_20151116_101059,1.0,7.0,point,344C161P122ThinF,1.0,119.0,0.0,both
C161,IMG_20151116_101126,0.0,7.0,point,344C161P122ThinF,0.0,119.0,1.0,both
C161,IMG_20151116_101210,1.0,7.0,,,,,,cell_images_only
C161,IMG_20151116_101315,0.0,7.0,,,,,,cell_images_only
C161,IMG_20151116_101403,0.0,6.0,,,,,,cell_images_only
C161,IMG_20151116_101626,0.0,7.0,,,,,,cell_images_only
C161,IMG_20151116_101722,0.0,7.0,,,,,,cell_images_only
C162,IMG_20151116_102655,3.0,9.0,point,345C162P123ThinF,3.0,161.0,0.0,both
C162,IMG_20151116_102751,2.0,9.0,point,345C162P123ThinF,2.0,152.0,0.0,both
C162,IMG_20151116_104114,4.0,9.0,point,345C162P123ThinF,4.0,167.0,0.0,both
C162,IMG_20151116_104342,1.0,10.0,point,345C162P123ThinF,1.0,149.0,0.0,both
C162,IMG_20151116_104451,3.0,10.0,point,345C162P123ThinF,3.0,169.0,0.0,both
C162,IMG_20151116_104736,2.0,10.0,,,,,,cell_images_only
C162,IMG_20151116_105019,2.0,10.0,,,,,,cell_images_only
C163,IMG_20151116_110818,3.0,13.0,point,346C163P124ThinF,3.0,277.0,0.0,both
C163,IMG_20151116_110921,2.0,12.0,point,346C163P124ThinF,2.0,242.0,0.0,both
C163,IMG_20151116_111147,3.0,15.0,point,346C163P124ThinF,3.0,222.0,0.0,both
C163,IMG_20151116_111350,2.0,0.0,,,,,,cell_images_only
C163,IMG_20151116_111742,1.0,14.0,point,346C163P124ThinF,1.0,277.0,0.0,both
C163,IMG_20151116_111925,2.0,14.0,point,346C163P124ThinF,2.0,284.0,0.0,both
C164,IMG_20151116_113550,3.0,9.0,point,347C164P125ThinF,3.0,157.0,0.0,both
C164,IMG_20151116_113651,3.0,9.0,point,347C164P125ThinF,3.0,132.0,0.0,both
C164,IMG_20151116_113954,1.0,8.0,point,347C164P125ThinF,1.0,135.0,0.0,both
C164,IMG_20151116_114404,8.0,7.0,point,347C164P125ThinF,8.0,177.0,0.0,both
C164,IMG_20151116_115112,2.0,9.0,point,347C164P125ThinF,2.0,145.0,0.0,both
C164,IMG_20151116_115149,2.0,9.0,,,,,,cell_images_only
C164,IMG_20151116_115604,3.0,0.0,,,,,,cell_images_only
C164,IMG_20151116_115650,2.0,9.0,,,,,,cell_images_only
C164,IMG_20151116_120135,4.0,9.0,,,,,,cell_images_only
C165,IMG_20151117_164432,1.0,11.0,point,348C165P126ThinF,1.0,226.0,0.0,both
C165,IMG_20151117_171006,1.0,12.0,point,348C165P126ThinF,1.0,221.0,0.0,both
C165,IMG_20151117_171646,0.0,12.0,point,348C165P126ThinF,0.0,217.0,0.0,both
C165,IMG_20151117_172356,0.0,12.0,point,348C165P126ThinF,0.0,204.0,0.0,both
C165,IMG_20151117_172859,0.0,11.0,point,348C165P126ThinF,0.0,201.0,0.0,both
C165,IMG_20151117_173346,0.0,12.0,,,,,,cell_images_only
C166,IMG_20151117_193235,5.0,12.0,point,351C166P127ThinF,5.0,214.0,0.0,both
C166,IMG_20151117_193931,6.0,11.0,point,351C166P127ThinF,6.0,208.0,0.0,both
C166,IMG_20151117_194147,2.0,11.0,point,351C166P127ThinF,2.0,225.0,0.0,both
C166,IMG_20151117_194410,8.0,11.0,point,351C166P127ThinF,8.0,190.0,0.0,both
C166,IMG_20151117_194932,6.0,12.0,point,351C166P127ThinF,6.0,226.0,1.0,both
C166,IMG_20151117_195030,6.0,11.0,,,,,,cell_images_only
C167,IMG_20151201_105102,10.0,13.0,point,352C167P128ReThinF,10.0,246.0,0.0,both
C167,IMG_20151201_105354,23.0,14.0,point,352C167P128ReThinF,23.0,230.0,1.0,both
C167,IMG_20151201_105559,21.0,14.0,point,352C167P128ReThinF,23.0,225.0,0.0,both
C167,IMG_20151201_105707,19.0,12.0,point,352C167P128ReThinF,19.0,228.0,0.0,both
C167,IMG_20151201_110011,18.0,14.0,point,352C167P128ReThinF,18.0,223.0,0.0,both
C168,IMG_20151118_153739,6.0,8.0,point,353C168P129ThinF,6.0,183.0,1.0,both
C168,IMG_20151118_154126,7.0,9.0,point,353C168P129ThinF,7.0,166.0,0.0,both
C168,IMG_20151118_154651,7.0,11.0,point,353C168P129ThinF,8.0,168.0,0.0,both
C168,IMG_20151118_155802,7.0,10.0,point,353C168P129ThinF,7.0,158.0,0.0,both
C168,IMG_20151118_160516,8.0,10.0,point,353C168P129ThinF,8.0,188.0,0.0,both
C168,IMG_20151118_160845,5.0,10.0,,,,,,cell_images_only
C168,IMG_20151118_161940,6.0,10.0,,,,,,cell_images_only
C169,IMG_20151118_163539,2.0,12.0,polygon,354C169P130ThinF,2.0,240.0,1.0,both
C169,IMG_20151118_164759,1.0,0.0,,,,,,cell_images_only
C169,IMG_20151118_172913,3.0,11.0,polygon,354C169P130ThinF,3.0,229.0,0.0,both
C169,IMG_20151118_173039,2.0,13.0,polygon,354C169P130ThinF,2.0,250.0,0.0,both
C169,IMG_20151119_143039,0.0,12.0,polygon,354C169P130ThinF,0.0,233.0,0.0,both
C169,IMG_20151119_143212,0.0,12.0,polygon,354C169P130ThinF,0.0,230.0,0.0,both
C169,IMG_20151119_144354,2.0,12.0,,,,,,cell_images_only
C170,IMG_20151119_115918,3.0,13.0,point,355C170P131ThinF,3.0,276.0,0.0,both
C170,IMG_20151119_120019,7.0,13.0,point,355C170P131ThinF,7.0,242.0,0.0,both
C170,IMG_20151119_120111,11.0,14.0,point,355C170P131ThinF,11.0,229.0,0.0,both
C170,IMG_20151119_120150,3.0,12.0,point,355C170P131ThinF,3.0,223.0,1.0,both
C170,IMG_20151119_120233,4.0,13.0,point,355C170P131ThinF,4.0,185.0,0.0,both
C171,IMG_20151119_152850,1.0,0.0,,,,,,cell_images_only
C171,IMG_20151119_152913,1.0,12.0,point,356C171P132ThinF,2.0,281.0,2.0,both
C171,IMG_20151119_153150,2.0,11.0,point,356C171P132ThinF,2.0,222.0,1.0,both
C171,IMG_20151119_153347,2.0,12.0,point,356C171P132ThinF,2.0,212.0,0.0,both
C171,IMG_20151119_153425,3.0,12.0,point,356C171P132ThinF,3.0,239.0,0.0,both
C171,IMG_20151119_153512,2.0,12.0,point,356C171P132ThinF,2.0,190.0,1.0,both
C171,IMG_20151119_153851,2.0,12.0,,,,,,cell_images_only
C172,IMG_20151119_154936,14.0,14.0,point,357C172P133ThinF,14.0,267.0,2.0,both
C172,IMG_20151119_155019,10.0,14.0,point,357C172P133ThinF,11.0,244.0,0.0,both
C172,IMG_20151119_155156,14.0,12.0,point,357C172P133ThinF,14.0,263.0,1.0,both
C172,IMG_20151119_155307,13.0,13.0,point,357C172P133ThinF,13.0,256.0,0.0,both
C172,IMG_20151119_155343,22.0,14.0,point,357C172P133ThinF,22.0,268.0,0.0,both
C173,IMG_20151130_115339,6.0,13.0,point,358C173P134NThinF,6.0,258.0,0.0,both
C173,IMG_20151130_115733,2.0,14.0,point,358C173P134NThinF,2.0,227.0,0.0,both
C173,IMG_20151130_120046,7.0,14.0,point,358C173P134NThinF,7.0,242.0,0.0,both
C173,IMG_20151130_125408,2.0,13.0,point,358C173P134NThinF,2.0,277.0,2.0,both
C173,IMG_20151130_125501,4.0,13.0,point,358C173P134NThinF,4.0,255.0,0.0,both
C174,IMG_20151127_135311,15.0,12.0,point,359C174P135NThinF,15.0,196.0,0.0,both
C174,IMG_20151127_135342,19.0,12.0,point,359C174P135NThinF,19.0,213.0,0.0,both
C174,IMG_20151127_135435,19.0,12.0,point,359C174P135NThinF,19.0,197.0,0.0,both
C174,IMG_20151127_135512,15.0,11.0,point,359C174P135NThinF,15.0,179.0,0.0,both
C174,IMG_20151127_135554,21.0,12.0,point,359C174P135NThinF,21.0,184.0,0.0,both
C174,IMG_20151127_135640,21.0,12.0,,,,,,cell_images_only
C174,IMG_20151127_135706,1.0,0.0,,,,,,cell_images_only
C175,IMG_20151127_141253,23.0,13.0,point,360C175P136NThinF,23.0,236.0,0.0,both
C175,IMG_20151127_141325,15.0,14.0,point,360C175P136NThinF,15.0,216.0,0.0,both
C175,IMG_20151127_141428,28.0,14.0,point,360C175P136NThinF,28.0,210.0,0.0,both
C175,IMG_20151127_142009,34.0,13.0,point,360C175P136NThinF,34.0,214.0,0.0,both
C175,IMG_20151127_142326,24.0,14.0,point,360C175P136NThinF,24.0,218.0,0.0,both
C176,IMG_20151201_114035,25.0,10.0,point,361C176P137NThinF,25.0,118.0,0.0,both
C176,IMG_20151201_114235,17.0,0.0,,,,,,cell_images_only
C176,IMG_20151201_120612,28.0,0.0,,,,,,cell_images_only
C176,IMG_20151201_120845,19.0,9.0,point,361C176P137NThinF,19.0,121.0,0.0,both
C176,IMG_20151201_121030,22.0,0.0,,,,,,cell_images_only
C176,IMG_20151201_121303,19.0,9.0,point,361C176P137NThinF,19.0,112.0,2.0,both
C176,IMG_20151201_121724,,,point,361C176P137NThinF,23.0,133.0,3.0,thinblood_only
C176,IMG_20151201_121808,26.0,10.0,point,361C176P137NThinF,27.0,123.0,2.0,both
C176,IMG_20151201_122444,25.0,10.0,,,,,,cell_images_only
C176,IMG_20151201_122708,33.0,10.0,,,,,,cell_images_only
C176,IMG_20151201_122811,33.0,10.0,,,,,,cell_images_only
C177,IMG_20151201_141604,1.0,8.0,polygon,362C177P138NThinF,2.0,224.0,0.0,both
C177,IMG_20151201_142514,6.0,9.0,polygon,362C177P138NThinF,7.0,165.0,1.0,both
C177,IMG_20151201_142846,3.0,9.0,polygon,362C177P138NThinF,5.0,203.0,3.0,both
C177,IMG_20151201_142942,7.0,8.0,polygon,362C177P138NThinF,7.0,187.0,0.0,both
C177,IMG_20151201_143025,8.0,10.0,polygon,362C177P138NThinF,9.0,190.0,1.0,both
C177,IMG_20151201_143546,6.0,9.0,,,,,,cell_images_only
C177,IMG_20151201_143704,8.0,9.0,,,,,,cell_images_only
C177,IMG_20151201_144820,2.0,9.0,,,,,,cell_images_only
C178,IMG_20151201_151903,2.0,9.0,point,363C178P139NThinF,2.0,106.0,1.0,both
C178,IMG_20151201_153246,4.0,8.0,point,363C178P139NThinF,4.0,156.0,2.0,both
C178,IMG_20151201_153846,1.0,8.0,point,363C178P139NThinF,3.0,116.0,1.0,both
C178,IMG_20151201_154025,1.0,8.0,point,363C178P139NThinF,1.0,127.0,0.0,both
C178,IMG_20151201_154254,1.0,0.0,,,,,,cell_images_only
C178,IMG_20151201_154337,0.0,10.0,point,363C178P139NThinF,0.0,152.0,0.0,both
C178,IMG_20151201_154524,4.0,8.0,,,,,,cell_images_only
C178,IMG_20151201_154735,3.0,9.0,,,,,,cell_images_only
C178,IMG_20151201_155012,2.0,8.0,,,,,,cell_images_only
C179,IMG_20151127_153350,21.0,10.0,point,364C179P140ThinF,21.0,164.0,0.0,both
C179,IMG_20151127_153420,15.0,9.0,point,364C179P140ThinF,15.0,169.0,1.0,both
C179,IMG_20151127_153436,24.0,10.0,point,364C179P140ThinF,24.0,162.0,0.0,both
C179,IMG_20151127_153453,17.0,10.0,point,364C179P140ThinF,17.0,175.0,0.0,both
C179,IMG_20151127_153521,15.0,9.0,point,364C179P140ThinF,15.0,162.0,0.0,both
C179,IMG_20151127_153819,15.0,9.0,,,,,,cell_images_only
C179,IMG_20151127_153852,24.0,9.0,,,,,,cell_images_only
C180,IMG_20151201_163702,40.0,10.0,point,365C180P141NThinF,40.0,170.0,1.0,both
C180,IMG_20151201_163751,46.0,10.0,point,365C180P141NThinF,46.0,144.0,1.0,both
C180,IMG_20151201_163848,45.0,9.0,point,365C180P141NThinF,46.0,140.0,0.0,both
C180,IMG_20151201_164714,36.0,10.0,point,365C180P141NThinF,36.0,163.0,0.0,both
C180,IMG_20151201_165423,33.0,10.0,point,365C180P141NThinF,34.0,153.0,0.0,both
C180,IMG_20151201_165453,61.0,0.0,,,,,,cell_images_only
C180,IMG_20151201_165528,50.0,10.0,,,,,,cell_images_only
C180,IMG_20151201_165601,50.0,9.0,,,,,,cell_images_only
C180,IMG_20151201_165659,48.0,0.0,,,,,,cell_images_only
C180,IMG_20151201_170021,39.0,0.0,,,,,,cell_images_only
C180,IMG_20151201_170110,31.0,0.0,,,,,,cell_images_only
C181,IMG_20151127_155722,29.0,10.0,point,366C181P142ThinF,29.0,175.0,0.0,both
C181,IMG_20151127_155914,34.0,10.0,point,366C181P142ThinF,34.0,158.0,0.0,both
C181,IMG_20151127_160434,26.0,9.0,point,366C181P142ThinF,26.0,156.0,1.0,both
C181,IMG_20151127_160514,12.0,11.0,point,366C181P142ThinF,12.0,168.0,0.0,both
C181,IMG_20151127_160539,32.0,10.0,point,366C181P142ThinF,33.0,182.0,1.0,both
C181,IMG_20151127_160616,16.0,9.0,,,,,,cell_images_only
C181,IMG_20151127_160650,27.0,10.0,,,,,,cell_images_only
C182,IMG_20151201_171836,42.0,10.0,point,367C182P143NThinF,42.0,143.0,0.0,both
C182,IMG_20151201_171905,53.0,10.0,point,367C182P143NThinF,53.0,138.0,0.0,both
C182,IMG_20151201_171950,67.0,9.0,point,367C182P143NThinF,67.0,161.0,0.0,both
C182,IMG_20151201_172057,48.0,9.0,point,367C182P143NThinF,48.0,136.0,0.0,both
C182,IMG_20151201_172216,75.0,10.0,point,367C182P143NThinF,75.0,126.0,1.0,both
C182,IMG_20151201_172257,55.0,10.0,,,,,,cell_images_only
C182,IMG_20151201_172524,44.0,10.0,,,,,,cell_images_only
C182,IMG_20151201_172607,56.0,0.0,,,,,,cell_images_only
C182,IMG_20151201_172759,56.0,0.0,,,,,,cell_images_only
C182,IMG_20151201_172842,50.0,0.0,,,,,,cell_images_only
C183,IMG_20151201_222119,19.0,8.0,point,368C183P144NThinF,19.0,133.0,0.0,both
C183,IMG_20151201_222917,27.0,8.0,point,368C183P144NThinF,27.0,151.0,1.0,both
C183,IMG_20151201_223208,16.0,9.0,point,368C183P144NThinF,16.0,113.0,0.0,both
C183,IMG_20151201_223357,9.0,9.0,point,368C183P144NThinF,10.0,155.0,0.0,both
C183,IMG_20151201_223431,11.0,9.0,point,368C183P144NThinF,11.0,100.0,0.0,both
C183,IMG_20151201_223758,21.0,9.0,,,,,,cell_images_only
C183,IMG_20151201_224107,17.0,9.0,,,,,,cell_images_only
C183,IMG_20151201_224458,13.0,9.0,,,,,,cell_images_only
C184,IMG_20151203_102405,46.0,9.0,point,369C184P145ThinF,46.0,141.0,0.0,both
C184,IMG_20151203_102543,44.0,10.0,point,369C184P145ThinF,44.0,137.0,0.0,both
C184,IMG_20151203_102721,34.0,0.0,,,,,,cell_images_only
C184,IMG_20151203_103114,43.0,9.0,point,369C184P145ThinF,43.0,141.0,0.0,both
C184,IMG_20151203_103326,41.0,10.0,point,369C184P145ThinF,41.0,122.0,0.0,both
C184,IMG_20151203_103637,47.0,10.0,point,369C184P145ThinF,47.0,142.0,0.0,both
C184,IMG_20151203_103824,41.0,10.0,,,,,,cell_images_only
C184,IMG_20151203_104030,45.0,0.0,,,,,,cell_images_only
C184,IMG_20151203_104153,61.0,9.0,,,,,,cell_images_only
C184,IMG_20151203_104334,54.0,0.0,,,,,,cell_images_only
C184,IMG_20151203_104440,45.0,0.0,,,,,,cell_images_only
C185,IMG_20151203_110344,3.0,14.0,point,370C185P146ThinF,3.0,264.0,0.0,both
C185,IMG_20151203_110448,2.0,13.0,point,370C185P146ThinF,2.0,252.0,0.0,both
C185,IMG_20151203_110817,2.0,13.0,point,370C185P146ThinF,2.0,257.0,0.0,both
C185,IMG_20151203_110933,3.0,14.0,point,370C185P146ThinF,3.0,229.0,0.0,both
C185,IMG_20151203_111121,3.0,14.0,point,370C185P146ThinF,3.0,218.0,1.0,both
C186,IMG_20151203_150132,20.0,9.0,point,371C186P147NThinF,21.0,185.0,0.0,both
C186,IMG_20151203_150222,12.0,10.0,point,371C186P147NThinF,12.0,168.0,0.0,both
C186,IMG_20151203_150322,18.0,10.0,point,371C186P147NThinF,19.0,162.0,0.0,both
C186,IMG_20151203_150408,23.0,10.0,point,371C186P147NThinF,24.0,166.0,0.0,both
C186,IMG_20151203_150557,24.0,9.0,point,371C186P147NThinF,24.0,168.0,0.0,both
C186,IMG_20151203_150808,17.0,10.0,,,,,,cell_images_only
C186,IMG_20151203_150859,10.0,10.0,,,,,,cell_images_only
C187,IMG_20151203_152841,1.0,9.0,polygon,372C187P148NThinF,1.0,164.0,0.0,both
C187,IMG_20151203_153036,5.0,9.0,polygon,372C187P148NThinF,5.0,127.0,0.0,both
C187,IMG_20151203_153410,2.0,9.0,polygon,372C187P148NThinF,2.0,152.0,0.0,both
C187,IMG_20151203_153713,4.0,9.0,polygon,372C187P148NThinF,4.0,205.0,0.0,both
C187,IMG_20151203_154111,2.0,8.0,polygon,372C187P148NThinF,2.0,132.0,0.0,both
C187,IMG_20151203_154200,2.0,9.0,,,,,,cell_images_only
C187,IMG_20151203_154249,3.0,8.0,,,,,,cell_images_only
C187,IMG_20151203_154503,2.0,9.0,,,,,,cell_images_only
C188,IMG_20151203_134209,7.0,11.0,point,373C188P149ThinF,7.0,202.0,0.0,both
C188,IMG_20151203_134229,15.0,12.0,point,373C188P149ThinF,15.0,216.0,0.0,both
C188,IMG_20151203_134319,13.0,11.0,point,373C188P149ThinF,13.0,188.0,1.0,both
C188,IMG_20151203_134419,8.0,11.0,point,373C188P149ThinF,9.0,192.0,0.0,both
C188,IMG_20151203_134449,6.0,12.0,point,373C188P149ThinF,6.0,201.0,0.0,both
C188,IMG_20151203_135433,10.0,12.0,,,,,,cell_images_only
C189,IMG_20151203_140809,18.0,5.0,point,374C189P150ThinF,20.0,127.0,0.0,both
C189,IMG_20151203_140902,18.0,5.0,point,374C189P150ThinF,22.0,113.0,1.0,both
C189,IMG_20151203_141004,10.0,5.0,point,374C189P150ThinF,10.0,73.0,0.0,both
C189,IMG_20151203_141110,7.0,6.0,point,374C189P150ThinF,7.0,72.0,0.0,both
C189,IMG_20151203_141308,14.0,6.0,point,374C189P150ThinF,14.0,60.0,0.0,both
C189,IMG_20151203_141406,15.0,6.0,,,,,,cell_images_only
C189,IMG_20151203_141455,8.0,6.0,,,,,,cell_images_only
C189,IMG_20151203_141615,7.0,6.0,,,,,,cell_images_only
C189,IMG_20151203_141719,11.0,6.0,,,,,,cell_images_only
C189,IMG_20151203_141809,12.0,6.0,,,,,,cell_images_only
C189,IMG_20151203_141901,13.0,5.0,,,,,,cell_images_only
C189,IMG_20151203_142113,13.0,6.0,,,,,,cell_images_only
C189,IMG_20151203_142224,20.0,6.0,,,,,,cell_images_only
C2,IMG_20150604_114631,0.0,14.0,point,241C2NThinF,0.0,272.0,1.0,both
C2,IMG_20150604_114730,0.0,13.0,point,241C2NThinF,0.0,255.0,0.0,both
C2,IMG_20150604_114751,0.0,14.0,point,241C2NThinF,0.0,267.0,0.0,both
C2,IMG_20150604_114815,0.0,14.0,point,241C2NThinF,0.0,252.0,1.0,both
C2,IMG_20150604_115238,0.0,14.0,point,241C2NThinF,0.0,286.0,0.0,both
C201,IMG_20150930_142848,0.0,14.0,point,294C201ThinF,0.0,254.0,0.0,both
C201,IMG_20150930_143129,0.0,13.0,point,294C201ThinF,0.0,224.0,0.0,both
C201,IMG_20150930_143411,0.0,13.0,point,294C201ThinF,0.0,250.0,1.0,both
C201,IMG_20150930_143502,0.0,14.0,point,294C201ThinF,0.0,245.0,0.0,both
C201,IMG_20150930_143544,0.0,14.0,point,294C201ThinF,0.0,228.0,0.0,both
C202,IMG_20151015_151254,0.0,14.0,point,295C202ThinF,0.0,282.0,0.0,both
C202,IMG_20151015_151736,0.0,10.0,point,295C202ThinF,0.0,231.0,0.0,both
C202,IMG_20151015_152200,0.0,14.0,point,295C202ThinF,0.0,232.0,0.0,both
C202,IMG_20151015_152333,0.0,12.0,point,295C202ThinF,0.0,245.0,0.0,both
C202,IMG_20151015_152701,0.0,15.0,point,295C202ThinF,0.0,295.0,0.0,both
C203,IMG_20151029_102123,0.0,17.0,,,,,,cell_images_only
C203,IMG_20151029_104112,0.0,18.0,,,,,,cell_images_only
C203,IMG_20151029_105443,0.0,16.0,,,,,,cell_images_only
C203,IMG_20151029_110105,0.0,18.0,,,,,,cell_images_only
C204,IMG_20151029_110627,0.0,18.0,,,,,,cell_images_only
C204,IMG_20151029_110834,0.0,16.0,,,,,,cell_images_only
C204,IMG_20151029_112231,0.0,17.0,,,,,,cell_images_only
C204,IMG_20151029_112502,0.0,16.0,,,,,,cell_images_only
C205,IMG_20151106_151514,0.0,14.0,point,303C205ThinF,0.0,238.0,1.0,both
C205,IMG_20151106_151622,0.0,14.0,point,303C205ThinF,0.0,254.0,0.0,both
C205,IMG_20151106_151711,0.0,14.0,point,303C205ThinF,0.0,258.0,0.0,both
C205,IMG_20151106_151800,0.0,14.0,point,303C205ThinF,0.0,277.0,2.0,both
C205,IMG_20151106_152003,0.0,13.0,point,303C205ThinF,0.0,271.0,0.0,both
C206,IMG_20151029_140511,0.0,17.0,,,,,,cell_images_only
C206,IMG_20151029_140538,0.0,18.0,,,,,,cell_images_only
C206,IMG_20151029_140917,0.0,18.0,,,,,,cell_images_only
C206,IMG_20151029_141047,0.0,18.0,,,,,,cell_images_only
C207,IMG_20151029_143711,0.0,18.0,,,,,,cell_images_only
C207,IMG_20151029_143952,0.0,17.0,,,,,,cell_images_only
C207,IMG_20151029_144033,0.0,17.0,,,,,,cell_images_only
C207,IMG_20151029_144152,0.0,18.0,,,,,,cell_images_only
C208,IMG_20151029_151017,0.0,11.0,point,300C208ThinF,0.0,215.0,0.0,both
C208,IMG_20151029_155411,0.0,12.0,point,300C208ThinF,0.0,183.0,0.0,both
C208,IMG_20151029_155436,0.0,12.0,point,300C208ThinF,0.0,205.0,1.0,both
C208,IMG_20151029_155554,0.0,11.0,point,300C208ThinF,0.0,207.0,1.0,both
C208,IMG_20151029_155827,0.0,12.0,point,300C208ThinF,0.0,213.0,0.0,both
C208,IMG_20151029_160108,0.0,11.0,,,,,,cell_images_only
C209,IMG_20151029_160721,0.0,18.0,,,,,,cell_images_only
C209,IMG_20151029_160803,0.0,18.0,,,,,,cell_images_only
C209,IMG_20151029_160857,0.0,17.0,,,,,,cell_images_only
C209,IMG_20151029_160927,0.0,18.0,,,,,,cell_images_only
C210,IMG_20151029_162357,0.0,12.0,polygon,302C210ThinF,0.0,254.0,0.0,both
C210,IMG_20151029_162439,0.0,15.0,polygon,302C210ThinF,0.0,273.0,0.0,both
C210,IMG_20151029_162605,0.0,14.0,polygon,302C210ThinF,0.0,253.0,1.0,both
C210,IMG_20151029_162834,0.0,13.0,polygon,302C210ThinF,0.0,251.0,1.0,both
C210,IMG_20151029_162934,0.0,14.0,polygon,302C210ThinF,0.0,276.0,2.0,both
C211,IMG_20151029_163959,0.0,13.0,point,304C211ThinF,0.0,270.0,1.0,both
C211,IMG_20151029_164033,0.0,14.0,point,304C211ThinF,0.0,280.0,0.0,both
C211,IMG_20151029_164218,0.0,14.0,point,304C211ThinF,0.0,271.0,1.0,both
C211,IMG_20151029_164248,0.0,14.0,point,304C211ThinF,0.0,240.0,0.0,both
C211,IMG_20151029_164451,0.0,14.0,point,304C211ThinF,0.0,251.0,0.0,both
C212,IMG_20151106_105437,0.0,13.0,polygon,305C212ThinF,0.0,301.0,0.0,both
C212,IMG_20151106_105834,0.0,14.0,polygon,305C212ThinF,0.0,295.0,0.0,both
C212,IMG_20151106_105941,0.0,14.0,polygon,305C212ThinF,0.0,277.0,0.0,both
C212,IMG_20151106_110230,0.0,14.0,polygon,305C212ThinF,0.0,276.0,1.0,both
C212,IMG_20151106_110411,0.0,13.0,polygon,305C212ThinF,0.0,263.0,1.0,both
C213,IMG_20151106_112252,0.0,14.0,polygon,306C213ThinF,0.0,267.0,0.0,both
C213,IMG_20151106_112422,0.0,14.0,polygon,306C213ThinF,0.0,257.0,1.0,both
C213,IMG_20151106_112603,0.0,13.0,polygon,306C213ThinF,0.0,252.0,0.0,both
C213,IMG_20151106_112759,0.0,14.0,polygon,306C213ThinF,0.0,269.0,0.0,both
C213,IMG_20151106_112853,0.0,14.0,polygon,306C213ThinF,0.0,258.0,1.0,both
C214,IMG_20151106_114526,0.0,14.0,point,307C214ThinF,0.0,249.0,1.0,both
C214,IMG_20151106_114611,0.0,13.0,point,307C214ThinF,0.0,235.0,1.0,both
C214,IMG_20151106_114910,0.0,12.0,point,307C214ThinF,0.0,239.0,0.0,both
C214,IMG_20151106_115440,0.0,14.0,point,307C214ThinF,0.0,213.0,0.0,both
C214,IMG_20151106_131748,0.0,14.0,point,307C214ThinF,0.0,225.0,1.0,both
C215,IMG_20151106_133012,0.0,13.0,point,308C215ThinF,0.0,257.0,2.0,both
C215,IMG_20151106_133043,0.0,14.0,point,308C215ThinF,0.0,271.0,1.0,both
C215,IMG_20151106_133116,0.0,14.0,point,308C215ThinF,0.0,243.0,1.0,both
C215,IMG_20151106_133247,0.0,14.0,point,308C215ThinF,0.0,229.0,0.0,both
C215,IMG_20151106_133643,0.0,14.0,point,308C215ThinF,0.0,223.0,0.0,both
C216,IMG_20151106_134733,0.0,13.0,polygon,309C216ThinF,0.0,239.0,1.0,both
C216,IMG_20151106_134931,0.0,13.0,polygon,309C216ThinF,0.0,260.0,1.0,both
C216,IMG_20151106_135228,0.0,14.0,polygon,309C216ThinF,0.0,253.0,0.0,both
C216,IMG_20151106_135337,0.0,14.0,polygon,309C216ThinF,0.0,252.0,0.0,both
C216,IMG_20151106_135653,0.0,14.0,polygon,309C216ThinF,0.0,253.0,0.0,both
C217,IMG_20151106_141135,0.0,13.0,point,310C217ThinF,0.0,276.0,0.0,both
C217,IMG_20151106_141326,0.0,14.0,point,310C217ThinF,0.0,266.0,0.0,both
C217,IMG_20151106_141500,0.0,14.0,point,310C217ThinF,0.0,285.0,0.0,both
C217,IMG_20151106_141649,0.0,14.0,point,310C217ThinF,0.0,274.0,0.0,both
C217,IMG_20151106_142147,0.0,14.0,point,310C217ThinF,0.0,253.0,0.0,both
C218,IMG_20151106_143940,0.0,14.0,point,311C218ThinF,0.0,244.0,0.0,both
C218,IMG_20151106_144001,0.0,14.0,point,311C218ThinF,0.0,223.0,0.0,both
C218,IMG_20151106_144143,0.0,14.0,point,311C218ThinF,0.0,235.0,1.0,both
C218,IMG_20151106_144228,0.0,13.0,point,311C218ThinF,0.0,240.0,0.0,both
C218,IMG_20151106_144337,0.0,14.0,point,311C218ThinF,0.0,227.0,0.0,both
C219,IMG_20151106_145856,0.0,14.0,point,312C219ThinF,0.0,235.0,1.0,both
C219,IMG_20151106_145927,0.0,14.0,point,312C219ThinF,0.0,233.0,1.0,both
C219,IMG_20151106_150027,0.0,14.0,point,312C219ThinF,0.0,235.0,0.0,both
C219,IMG_20151106_150135,0.0,13.0,point,312C219ThinF,0.0,233.0,1.0,both
C219,IMG_20151106_150314,0.0,11.0,point,312C219ThinF,0.0,231.0,0.0,both
C220,IMG_20151106_153947,0.0,14.0,point,313C220ThinF,0.0,260.0,0.0,both
C220,IMG_20151106_154016,0.0,14.0,point,313C220ThinF,0.0,248.0,0.0,both
C220,IMG_20151106_154339,0.0,13.0,point,313C220ThinF,0.0,236.0,0.0,both
C220,IMG_20151106_154510,0.0,13.0,point,313C220ThinF,0.0,238.0,0.0,both
C220,IMG_20151106_154533,0.0,14.0,point,313C220ThinF,0.0,235.0,1.0,both
C221,IMG_20151106_155857,0.0,11.0,point,314C221ThinF,0.0,207.0,0.0,both
C221,IMG_20151106_160022,0.0,12.0,point,314C221ThinF,0.0,207.0,0.0,both
C221,IMG_20151106_160304,0.0,12.0,point,314C221ThinF,0.0,214.0,0.0,both
C221,IMG_20151106_160515,0.0,12.0,point,314C221ThinF,0.0,211.0,1.0,both
C221,IMG_20151106_160653,0.0,12.0,point,314C221ThinF,0.0,217.0,0.0,both
C221,IMG_20151106_160727,0.0,11.0,,,,,,cell_images_only
C222,IMG_20151115_150057,0.0,12.0,point,328C222ThinF,0.0,205.0,0.0,both
C222,IMG_20151115_150728,0.0,10.0,point,328C222ThinF,0.0,211.0,0.0,both
C222,IMG_20151115_150925,0.0,12.0,point,328C222ThinF,0.0,220.0,0.0,both
C222,IMG_20151115_151015,0.0,12.0,point,328C222ThinF,0.0,199.0,0.0,both
C222,IMG_20151115_151211,0.0,12.0,point,328C222ThinF,0.0,198.0,0.0,both
C222,IMG_20151115_151433,0.0,11.0,,,,,,cell_images_only
C223,IMG_20151112_103809,0.0,14.0,point,315C223ThinF,0.0,262.0,0.0,both
C223,IMG_20151112_104118,0.0,14.0,point,315C223ThinF,0.0,274.0,0.0,both
C223,IMG_20151112_104240,0.0,14.0,point,315C223ThinF,0.0,253.0,0.0,both
C223,IMG_20151112_104410,0.0,13.0,point,315C223ThinF,0.0,221.0,1.0,both
C223,IMG_20151112_104708,0.0,13.0,point,315C223ThinF,0.0,260.0,0.0,both
C224,IMG_20151112_111955,0.0,14.0,point,316C224ThinF,0.0,265.0,0.0,both
C224,IMG_20151112_112334,0.0,13.0,point,316C224ThinF,0.0,237.0,0.0,both
C224,IMG_20151112_112735,0.0,14.0,point,316C224ThinF,0.0,249.0,0.0,both
C224,IMG_20151112_112834,0.0,14.0,point,316C224ThinF,0.0,266.0,0.0,both
C224,IMG_20151112_113157,0.0,12.0,point,316C224ThinF,0.0,245.0,1.0,both
C225,IMG_20151112_113735,0.0,13.0,point,317C225ThinF,0.0,286.0,0.0,both
C225,IMG_20151112_113803,0.0,13.0,point,317C225ThinF,0.0,296.0,0.0,both
C225,IMG_20151112_113836,0.0,14.0,point,317C225ThinF,0.0,298.0,1.0,both
C225,IMG_20151112_113915,0.0,13.0,point,317C225ThinF,0.0,292.0,0.0,both
C225,IMG_20151112_113953,0.0,14.0,point,317C225ThinF,0.0,281.0,0.0,both
C226,IMG_20151112_131255,0.0,13.0,polygon,318C226ThinF,0.0,270.0,0.0,both
C226,IMG_20151112_131408,0.0,14.0,polygon,318C226ThinF,0.0,257.0,0.0,both
C226,IMG_20151112_131546,0.0,14.0,polygon,318C226ThinF,0.0,258.0,0.0,both
C226,IMG_20151112_131622,0.0,13.0,polygon,318C226ThinF,0.0,265.0,1.0,both
C226,IMG_20151112_131731,0.0,14.0,polygon,318C226ThinF,0.0,293.0,0.0,both
C227,IMG_20151112_135158,0.0,14.0,point,319C227ThinF,0.0,260.0,0.0,both
C227,IMG_20151112_135308,0.0,14.0,point,319C227ThinF,0.0,268.0,1.0,both
C227,IMG_20151112_135422,0.0,13.0,point,319C227ThinF,0.0,249.0,1.0,both
C227,IMG_20151112_135509,0.0,13.0,point,319C227ThinF,0.0,256.0,1.0,both
C227,IMG_20151112_135818,0.0,14.0,point,319C227ThinF,0.0,285.0,0.0,both
C228,IMG_20151112_142109,0.0,14.0,point,320C228ThinF,0.0,281.0,0.0,both
C228,IMG_20151112_142216,0.0,13.0,point,320C228ThinF,0.0,268.0,0.0,both
C228,IMG_20151112_142452,0.0,12.0,point,320C228ThinF,0.0,278.0,0.0,both
C228,IMG_20151112_142730,0.0,14.0,point,320C228ThinF,0.0,246.0,0.0,both
C228,IMG_20151112_142900,0.0,13.0,point,320C228ThinF,0.0,272.0,0.0,both
C229,IMG_20151112_144147,0.0,14.0,point,321C229ThinF,0.0,275.0,0.0,both
C229,IMG_20151112_144222,0.0,14.0,point,321C229ThinF,0.0,253.0,0.0,both
C229,IMG_20151112_144534,0.0,14.0,point,321C229ThinF,0.0,277.0,0.0,both
C229,IMG_20151112_144613,0.0,12.0,point,321C229ThinF,0.0,281.0,2.0,both
C229,IMG_20151112_144652,0.0,15.0,point,321C229ThinF,0.0,293.0,0.0,both
C230,IMG_20151112_150329,0.0,13.0,point,322C230ThinF,0.0,260.0,0.0,both
C230,IMG_20151112_150621,0.0,14.0,point,322C230ThinF,0.0,252.0,1.0,both
C230,IMG_20151112_150647,0.0,14.0,point,322C230ThinF,0.0,253.0,0.0,both
C230,IMG_20151112_150730,0.0,14.0,point,322C230ThinF,0.0,251.0,0.0,both
C230,IMG_20151112_150753,0.0,13.0,point,322C230ThinF,0.0,273.0,0.0,both
C231,IMG_20151112_152234,0.0,12.0,polygon,323C231ThinF,0.0,225.0,1.0,both
C231,IMG_20151112_153041,0.0,12.0,polygon,323C231ThinF,0.0,215.0,1.0,both
C231,IMG_20151112_153106,0.0,12.0,polygon,323C231ThinF,0.0,212.0,1.0,both
C231,IMG_20151112_153147,0.0,12.0,polygon,323C231ThinF,0.0,208.0,1.0,both
C231,IMG_20151112_153246,0.0,11.0,polygon,323C231ThinF,0.0,221.0,0.0,both
C231,IMG_20151112_153359,0.0,11.0,,,,,,cell_images_only
C232,IMG_20151112_154211,0.0,14.0,point,324C232ThinF,0.0,270.0,0.0,both
C232,IMG_20151112_154251,0.0,14.0,point,324C232ThinF,0.0,284.0,0.0,both
C232,IMG_20151112_154345,0.0,14.0,point,324C232ThinF,0.0,288.0,0.0,both
C232,IMG_20151112_154424,0.0,12.0,point,324C232ThinF,0.0,281.0,0.0,both
C232,IMG_20151112_154719,0.0,15.0,point,324C232ThinF,0.0,281.0,0.0,both
C233,IMG_20151112_160059,0.0,13.0,point,325C233ThinF,0.0,284.0,0.0,both
C233,IMG_20151112_160129,0.0,14.0,point,325C233ThinF,0.0,273.0,0.0,both
C233,IMG_20151112_160635,0.0,13.0,point,325C233ThinF,0.0,267.0,0.0,both
C233,IMG_20151112_161024,0.0,14.0,point,325C233ThinF,0.0,283.0,2.0,both
C233,IMG_20151112_161119,0.0,14.0,point,325C233ThinF,0.0,285.0,2.0,both
C234,IMG_20151112_162759,0.0,12.0,point,326C234ThinF,0.0,264.0,1.0,both
C234,IMG_20151112_162843,0.0,13.0,point,326C234ThinF,0.0,281.0,0.0,both
C234,IMG_20151112_162909,0.0,13.0,point,326C234ThinF,0.0,278.0,1.0,both
C234,IMG_20151112_162940,0.0,13.0,point,326C234ThinF,0.0,298.0,0.0,both
C234,IMG_20151112_163036,0.0,14.0,point,326C234ThinF,0.0,288.0,0.0,both
C235,IMG_20151112_164625,0.0,13.0,polygon,327C235ThinF,0.0,313.0,0.0,both
C235,IMG_20151112_164723,0.0,14.0,polygon,327C235ThinF,0.0,306.0,0.0,both
C235,IMG_20151112_164834,0.0,14.0,polygon,327C235ThinF,0.0,310.0,1.0,both
C235,IMG_20151112_164918,0.0,13.0,polygon,327C235ThinF,0.0,287.0,0.0,both
C235,IMG_20151112_165055,0.0,14.0,polygon,327C235ThinF,0.0,303.0,0.0,both
C236,IMG_20151127_102115,0.0,14.0,point,375C236ThinF,0.0,285.0,0.0,both
C236,IMG_20151127_102428,0.0,14.0,point,375C236ThinF,0.0,266.0,0.0,both
C236,IMG_20151127_102516,0.0,14.0,point,375C236ThinF,0.0,261.0,0.0,both
C236,IMG_20151127_102546,0.0,14.0,point,375C236ThinF,0.0,249.0,1.0,both
C236,IMG_20151127_102635,0.0,12.0,point,375C236ThinF,0.0,261.0,0.0,both
C237,IMG_20151127_104748,0.0,14.0,point,376C237ThinF,0.0,248.0,0.0,both
C237,IMG_20151127_104844,0.0,14.0,point,376C237ThinF,0.0,251.0,0.0,both
C237,IMG_20151127_104954,0.0,14.0,point,376C237ThinF,0.0,248.0,0.0,both
C237,IMG_20151127_105320,0.0,13.0,point,376C237ThinF,0.0,263.0,1.0,both
C237,IMG_20151127_105345,0.0,13.0,point,376C237ThinF,0.0,261.0,0.0,both
C238,IMG_20151207_114038,0.0,10.0,polygon,377C238NThinF,0.0,208.0,0.0,both
C238,IMG_20151207_114345,0.0,10.0,polygon,377C238NThinF,0.0,195.0,0.0,both
C238,IMG_20151207_114444,0.0,10.0,polygon,377C238NThinF,0.0,194.0,1.0,both
C238,IMG_20151207_114605,0.0,10.0,polygon,377C238NThinF,0.0,177.0,1.0,both
C238,IMG_20151207_114653,0.0,10.0,polygon,377C238NThinF,0.0,169.0,0.0,both
C238,IMG_20151207_114914,0.0,10.0,,,,,,cell_images_only
C238,IMG_20151207_115017,0.0,10.0,,,,,,cell_images_only
C239,IMG_20151127_113008,0.0,14.0,point,378C239ThinF,0.0,286.0,0.0,both
C239,IMG_20151127_113150,0.0,14.0,point,378C239ThinF,0.0,287.0,1.0,both
C239,IMG_20151127_113202,0.0,13.0,point,378C239ThinF,0.0,297.0,1.0,both
C239,IMG_20151127_113223,0.0,14.0,point,378C239ThinF,0.0,289.0,0.0,both
C239,IMG_20151127_113253,0.0,14.0,point,378C239ThinF,0.0,291.0,1.0,both
C240,IMG_20151127_115223,0.0,13.0,point,379C240ThinF,0.0,230.0,2.0,both
C240,IMG_20151127_115247,0.0,12.0,point,379C240ThinF,0.0,237.0,0.0,both
C240,IMG_20151127_115306,0.0,12.0,point,379C240ThinF,0.0,233.0,1.0,both
C240,IMG_20151127_115328,0.0,14.0,point,379C240ThinF,0.0,240.0,1.0,both
C240,IMG_20151127_115545,0.0,14.0,point,379C240ThinF,0.0,240.0,1.0,both
C241,IMG_20151207_124030,0.0,10.0,point,380C241NThinF,0.0,157.0,0.0,both
C241,IMG_20151207_124115,0.0,9.0,point,380C241NThinF,0.0,187.0,0.0,both
C241,IMG_20151207_124208,0.0,10.0,point,380C241NThinF,0.0,177.0,0.0,both
C241,IMG_20151207_124240,0.0,9.0,point,380C241NThinF,0.0,186.0,0.0,both
C241,IMG_20151207_124358,0.0,10.0,point,380C241NThinF,0.0,194.0,0.0,both
C241,IMG_20151207_124608,0.0,10.0,,,,,,cell_images_only
C241,IMG_20151207_124643,0.0,10.0,,,,,,cell_images_only
C3,IMG_20150608_162835,0.0,14.0,point,144C3thin_original,0.0,240.0,0.0,both
C3,IMG_20150608_162922,0.0,13.0,point,144C3thin_original,0.0,242.0,1.0,both
C3,IMG_20150608_163002,0.0,14.0,point,144C3thin_original,0.0,254.0,1.0,both
C3,IMG_20150608_163029,0.0,14.0,point,144C3thin_original,0.0,288.0,1.0,both
C3,IMG_20150608_163047,0.0,14.0,point,144C3thin_original,0.0,285.0,0.0,both
C33,IMG_20150619_114756a,4.0,6.0,,,,,,cell_images_only
C33,IMG_20150619_115740a,3.0,6.0,,,,,,cell_images_only
C33,IMG_20150619_115808a,2.0,6.0,,,,,,cell_images_only
C33,IMG_20150619_120645a,3.0,6.0,,,,,,cell_images_only
C33,IMG_20150619_120742a,1.0,6.0,,,,,,cell_images_only
C33,IMG_20150619_120804a,1.0,6.0,,,,,,cell_images_only
C33,IMG_20150619_120838a,1.0,6.0,,,,,,cell_images_only
C33,IMG_20150619_121102a,1.0,6.0,,,,,,cell_images_only
C33,IMG_20150619_121229a,3.0,6.0,,,,,,cell_images_only
C33,IMG_20150619_121300a,1.0,6.0,,,,,,cell_images_only
C33,IMG_20150619_121411a,2.0,6.0,,,,,,cell_images_only
C33,IMG_20150619_121435a,1.0,5.0,,,,,,cell_images_only
C33,IMG_20150619_121503a,2.0,6.0,,,,,,cell_images_only
C37,IMG_20150620_131423a,3.0,9.0,,,,,,cell_images_only
C37,IMG_20150620_132440a,1.0,10.0,,,,,,cell_images_only
C37,IMG_20150620_132847a,2.0,10.0,,,,,,cell_images_only
C37,IMG_20150620_133001a,2.0,10.0,,,,,,cell_images_only
C37,IMG_20150620_133111a,3.0,10.0,,,,,,cell_images_only
C37,IMG_20150620_133205a,2.0,9.0,,,,,,cell_images_only
C37,IMG_20150620_133238a,1.0,10.0,,,,,,cell_images_only
C38,IMG_20150621_112023,0.0,12.0,polygon,142C38P3thinF_original,0.0,187.0,0.0,both
C38,IMG_20150621_112043,2.0,12.0,polygon,142C38P3thinF_original,2.0,207.0,0.0,both
C38,IMG_20150621_112116,2.0,11.0,polygon,142C38P3thinF_original,2.0,213.0,0.0,both
C38,IMG_20150621_112138,1.0,11.0,polygon,142C38P3thinF_original,1.0,194.0,0.0,both
C38,IMG_20150621_112227,0.0,12.0,polygon,142C38P3thinF_original,0.0,198.0,0.0,both
C38,IMG_20150621_112246,1.0,11.0,,,,,,cell_images_only
C39,IMG_20150622_105102,29.0,8.0,point,143C39P4thinF_original,39.0,123.0,1.0,both
C39,IMG_20150622_105253,22.0,10.0,point,143C39P4thinF_original,27.0,98.0,1.0,both
C39,IMG_20150622_105335,32.0,0.0,,,,,,cell_images_only
C39,IMG_20150622_105554,26.0,0.0,,,,,,cell_images_only
C39,IMG_20150622_105803,35.0,8.0,point,143C39P4thinF_original,42.0,123.0,3.0,both
C39,IMG_20150622_110115,35.0,9.0,point,143C39P4thinF_original,37.0,121.0,0.0,both
C39,IMG_20150622_110352,37.0,8.0,point,143C39P4thinF_original,45.0,104.0,1.0,both
C39,IMG_20150622_110435,37.0,9.0,,,,,,cell_images_only
C39,IMG_20150622_110900,22.0,0.0,,,,,,cell_images_only
C39,IMG_20150622_111206,37.0,9.0,,,,,,cell_images_only
C39,IMG_20150622_111326,25.0,0.0,,,,,,cell_images_only
C39,IMG_20150622_111723,24.0,10.0,,,,,,cell_images_only
C39,IMG_20150622_111942,24.0,0.0,,,,,,cell_images_only
C39,IMG_20150622_112119,22.0,0.0,,,,,,cell_images_only
C39,IMG_20150622_113126,14.0,0.0,,,,,,cell_images_only
C39,IMG_20150622_113446,29.0,0.0,,,,,,cell_images_only
C39,IMG_20150622_113632,34.0,0.0,,,,,,cell_images_only
C39,IMG_20150622_113842,42.0,0.0,,,,,,cell_images_only
C39,IMG_20150622_114122,17.0,0.0,,,,,,cell_images_only
C39,IMG_20150622_114609,32.0,0.0,,,,,,cell_images_only
C39,IMG_20150622_114804,41.0,0.0,,,,,,cell_images_only
C4,IMG_20150608_165540,0.0,12.0,point,147C4thin_original,0.0,257.0,1.0,both
C4,IMG_20150608_165620,0.0,14.0,point,147C4thin_original,0.0,249.0,0.0,both
C4,IMG_20150608_165908,0.0,14.0,point,147C4thin_original,0.0,254.0,0.0,both
C4,IMG_20150608_170016,0.0,14.0,point,147C4thin_original,0.0,222.0,0.0,both
C4,IMG_20150608_170038,0.0,13.0,point,147C4thin_original,0.0,224.0,0.0,both
C42,IMG_20150623_134426,1.0,12.0,point,145C42P5thin_original,1.0,194.0,0.0,both
C42,IMG_20150623_134547,1.0,10.0,point,145C42P5thin_original,2.0,246.0,0.0,both
C42,IMG_20150623_134751,3.0,12.0,point,145C42P5thin_original,3.0,215.0,0.0,both
C42,IMG_20150623_134919,0.0,12.0,point,145C42P5thin_original,0.0,211.0,0.0,both
C42,IMG_20150623_135251,0.0,12.0,point,145C42P5thin_original,3.0,239.0,0.0,both
C42,IMG_20150623_135746,1.0,12.0,,,,,,cell_images_only
C45,IMG_20151130_154725,21.0,11.0,point,349C45P6ThinF,22.0,166.0,0.0,both
C45,IMG_20151130_155011,11.0,12.0,point,349C45P6ThinF,11.0,169.0,0.0,both
C45,IMG_20151130_155110,19.0,12.0,point,349C45P6ThinF,19.0,194.0,1.0,both
C45,IMG_20151130_160135,21.0,11.0,point,349C45P6ThinF,21.0,203.0,0.0,both
C45,IMG_20151130_160241,11.0,13.0,point,349C45P6ThinF,11.0,198.0,0.0,both
C45,IMG_20151130_160409,13.0,12.0,,,,,,cell_images_only
C46,IMG_20151130_205558,16.0,8.0,point,350C46P7ThinF,16.0,149.0,0.0,both
C46,IMG_20151130_205719,8.0,6.0,point,350C46P7ThinF,8.0,127.0,0.0,both
C46,IMG_20151130_205756,18.0,8.0,point,350C46P7ThinF,18.0,119.0,0.0,both
C46,IMG_20151130_205828,17.0,8.0,point,350C46P7ThinF,17.0,137.0,0.0,both
C46,IMG_20151130_210123,9.0,8.0,point,350C46P7ThinF,9.0,118.0,1.0,both
C46,IMG_20151130_210309,12.0,7.0,,,,,,cell_images_only
C46,IMG_20151130_210743,12.0,8.0,,,,,,cell_images_only
C46,IMG_20151130_210815,8.0,0.0,,,,,,cell_images_only
C46,IMG_20151130_210843,13.0,8.0,,,,,,cell_images_only
C46,IMG_20151130_210938,16.0,8.0,,,,,,cell_images_only
C47,IMG_20150714_093512,4.0,10.0,polygon,146C47P8thin_Original_Motic,5.0,220.0,0.0,both
C47,IMG_20150714_093600,0.0,10.0,polygon,146C47P8thin_Original_Motic,0.0,193.0,0.0,both
C47,IMG_20150714_093636,1.0,10.0,polygon,146C47P8thin_Original_Motic,2.0,190.0,1.0,both
C47,IMG_20150714_093715,0.0,10.0,polygon,146C47P8thin_Original_Motic,0.0,151.0,0.0,both
C47,IMG_20150714_093806,2.0,10.0,polygon,146C47P8thin_Original_Motic,2.0,185.0,0.0,both
C47,IMG_20150714_093947,0.0,9.0,,,,,,cell_images_only
C47,IMG_20150714_094054,1.0,10.0,,,,,,cell_images_only
C47,IMG_20150717_172748,1.0,9.0,point,148C47P8thinOriginalOlympusCX21,1.0,187.0,1.0,both
C47,IMG_20150717_173432,0.0,10.0,point,148C47P8thinOriginalOlympusCX21,0.0,154.0,0.0,both
C47,IMG_20150717_173515,0.0,9.0,point,148C47P8thinOriginalOlympusCX21,0.0,156.0,0.0,both
C47,IMG_20150717_173554,0.0,10.0,point,148C47P8thinOriginalOlympusCX21,1.0,167.0,0.0,both
C47,IMG_20150717_174222,1.0,9.0,point,148C47P8thinOriginalOlympusCX21,1.0,162.0,0.0,both
C47,IMG_20150717_174750,0.0,9.0,,,,,,cell_images_only
C47,IMG_20150717_174844,0.0,9.0,,,,,,cell_images_only
C48,IMG_20150721_160406,52.0,14.0,point,149C48P9thinF,57.0,229.0,0.0,both
C48,IMG_20150721_160944,39.0,13.0,point,149C48P9thinF,42.0,216.0,0.0,both
C48,IMG_20150721_161055,38.0,13.0,point,149C48P9thinF,44.0,181.0,0.0,both
C48,IMG_20150721_161243,24.0,14.0,point,149C48P9thinF,25.0,162.0,0.0,both
C48,IMG_20150721_161412,25.0,14.0,point,149C48P9thinF,25.0,176.0,0.0,both
C48,IMG_20150721_162732,28.0,0.0,,,,,,cell_images_only
C48,IMG_20150721_163810,23.0,0.0,,,,,,cell_images_only
C48,IMG_20150721_164031,26.0,0.0,,,,,,cell_images_only
C48,IMG_20150721_164129,36.0,0.0,,,,,,cell_images_only
C48,IMG_20150721_164304,32.0,0.0,,,,,,cell_images_only
C49,IMG_20150724_102330,11.0,13.0,polygon,150C49P10thinF,11.0,232.0,0.0,both
C49,IMG_20150724_102843,5.0,13.0,polygon,150C49P10thinF,5.0,191.0,0.0,both
C49,IMG_20150724_102951,6.0,13.0,polygon,150C49P10thinF,9.0,233.0,0.0,both
C49,IMG_20150724_103054,6.0,14.0,polygon,150C49P10thinF,7.0,241.0,0.0,both
C49,IMG_20150724_103233,9.0,14.0,polygon,150C49P10thinF,11.0,211.0,0.0,both
C5,IMG_20150609_122006,0.0,14.0,point,242C5NThinF,0.0,236.0,0.0,both
C5,IMG_20150609_122020,0.0,14.0,point,242C5NThinF,0.0,244.0,0.0,both
C5,IMG_20150609_122034,0.0,13.0,point,242C5NThinF,0.0,231.0,0.0,both
C5,IMG_20150609_122108,0.0,14.0,point,242C5NThinF,0.0,244.0,0.0,both
C5,IMG_20150609_122227,0.0,14.0,point,242C5NThinF,0.0,251.0,0.0,both
C50,IMG_20150724_114951,4.0,9.0,point,151C50P11thinF,4.0,147.0,0.0,both
C50,IMG_20150724_115141,1.0,11.0,point,151C50P11thinF,3.0,192.0,0.0,both
C50,IMG_20150724_115603,4.0,10.0,point,151C50P11thinF,4.0,158.0,0.0,both
C50,IMG_20150724_115651,6.0,10.0,point,151C50P11thinF,10.0,191.0,0.0,both
C50,IMG_20150724_115749,5.0,8.0,point,151C50P11thinF,8.0,208.0,1.0,both
C50,IMG_20150724_120553,6.0,10.0,,,,,,cell_images_only
C50,IMG_20150724_120716,7.0,9.0,,,,,,cell_images_only
C51,IMG_20150724_153313,19.0,8.0,point,152C51AP12thinF,19.0,101.0,0.0,both
C51,IMG_20150724_154243,18.0,6.0,point,152C51AP12thinF,24.0,152.0,0.0,both
C51,IMG_20150724_154330,24.0,8.0,point,152C51AP12thinF,25.0,121.0,1.0,both
C51,IMG_20150724_155046,15.0,7.0,point,152C51AP12thinF,18.0,122.0,0.0,both
C51,IMG_20150724_155557,13.0,8.0,point,152C51AP12thinF,13.0,72.0,0.0,both
C51,IMG_20150724_155947,10.0,8.0,,,,,,cell_images_only
C51,IMG_20150724_160140,12.0,7.0,,,,,,cell_images_only
C51,IMG_20150724_161126,12.0,9.0,,,,,,cell_images_only
C51,IMG_20150724_162636,19.0,8.0,,,,,,cell_images_only
C52,IMG_20150725_123938,6.0,11.0,polygon,153C52P13thinF,6.0,194.0,0.0,both
C52,IMG_20150725_124606,7.0,11.0,polygon,153C52P13thinF,7.0,159.0,0.0,both
C52,IMG_20150725_124830,5.0,12.0,polygon,153C52P13thinF,5.0,177.0,0.0,both
C52,IMG_20150725_125213,5.0,11.0,polygon,153C52P13thinF,5.0,170.0,0.0,both
C52,IMG_20150725_125847,7.0,13.0,polygon,153C52P13thinF,7.0,186.0,0.0,both
C52,IMG_20150725_130013,7.0,12.0,,,,,,cell_images_only
C53,IMG_20150726_114404,0.0,9.0,point,154C53P14thinF,0.0,160.0,0.0,both
C53,IMG_20150726_114439,0.0,8.0,point,154C53P14thinF,0.0,181.0,0.0,both
C53,IMG_20150726_114606,0.0,7.0,point,154C53P14thinF,1.0,211.0,1.0,both
C53,IMG_20150726_114918,2.0,8.0,point,154C53P14thinF,3.0,195.0,0.0,both
C53,IMG_20150726_115046,0.0,10.0,point,154C53P14thinF,0.0,181.0,0.0,both
C53,IMG_20150726_115457,0.0,8.0,,,,,,cell_images_only
C53,IMG_20150726_120026,0.0,9.0,,,,,,cell_images_only
C53,IMG_20150726_120600,1.0,9.0,,,,,,cell_images_only
C54,IMG_20150728_102017,1.0,14.0,point,155C54P15thinF,1.0,216.0,0.0,both
C54,IMG_20150728_105949,3.0,14.0,point,155C54P15thinF,3.0,242.0,0.0,both
C54,IMG_20150728_112832,1.0,14.0,point,155C54P15thinF,1.0,252.0,0.0,both
C54,IMG_20150728_112938,0.0,13.0,point,155C54P15thinF,0.0,231.0,0.0,both
C54,IMG_20150728_113006,1.0,14.0,point,155C54P15thinF,1.0,254.0,0.0,both
C55,IMG_20150728_121151,2.0,12.0,polygon,156C55P16thinF,2.0,113.0,0.0,both
C55,IMG_20150728_121350,0.0,11.0,polygon,156C55P16thinF,0.0,195.0,1.0,both
C55,IMG_20150728_123154,0.0,12.0,polygon,156C55P16thinF,0.0,190.0,0.0,both
C55,IMG_20150728_123237,1.0,12.0,polygon,156C55P16thinF,1.0,206.0,0.0,both
C55,IMG_20150728_123510,0.0,12.0,polygon,156C55P16thinF,0.0,189.0,0.0,both
C55,IMG_20150728_124508,1.0,12.0,,,,,,cell_images_only
C56,IMG_20150728_151330,4.0,8.0,point,157C56P17thinF,4.0,129.0,0.0,both
C56,IMG_20150728_153328,2.0,9.0,point,157C56P17thinF,2.0,114.0,0.0,both
C56,IMG_20150728_153413,1.0,6.0,point,157C56P17thinF,1.0,122.0,0.0,both
C56,IMG_20150728_155921,3.0,10.0,point,157C56P17thinF,3.0,125.0,0.0,both
C56,IMG_20150728_160256,1.0,9.0,point,157C56P17thinF,1.0,132.0,0.0,both
C56,IMG_20150728_160438,1.0,9.0,,,,,,cell_images_only
C56,IMG_20150728_160537,2.0,9.0,,,,,,cell_images_only
C56,IMG_20150728_160623,3.0,8.0,,,,,,cell_images_only
C57,IMG_20150729_104027,0.0,12.0,polygon,158C57P18thinF,0.0,199.0,0.0,both
C57,IMG_20150729_110134,1.0,14.0,polygon,158C57P18thinF,1.0,212.0,0.0,both
C57,IMG_20150729_110305,2.0,14.0,polygon,158C57P18thinF,2.0,223.0,1.0,both
C57,IMG_20150729_110457,1.0,14.0,polygon,158C57P18thinF,1.0,240.0,1.0,both
C57,IMG_20150729_111518,1.0,14.0,polygon,158C57P18thinF,1.0,266.0,0.0,both
C58,IMG_20150802_121847,0.0,10.0,point,159C58P19thinF,0.0,186.0,0.0,both
C58,IMG_20150802_122215,0.0,10.0,point,159C58P19thinF,0.0,175.0,0.0,both
C58,IMG_20150802_122338,1.0,9.0,point,159C58P19thinF,1.0,165.0,1.0,both
C58,IMG_20150802_122520,0.0,11.0,point,159C58P19thinF,0.0,177.0,0.0,both
C58,IMG_20150802_122648,0.0,9.0,point,159C58P19thinF,0.0,165.0,0.0,both
C58,IMG_20150802_122846,0.0,11.0,,,,,,cell_images_only
C58,IMG_20150802_123134,0.0,9.0,,,,,,cell_images_only
C59,IMG_20150803_111244,42.0,10.0,point,200C59P20thinF,42.0,165.0,0.0,both
C59,IMG_20150803_111333,48.0,12.0,point,200C59P20thinF,48.0,138.0,0.0,both
C59,IMG_20150803_112733,61.0,12.0,point,200C59P20thinF,63.0,171.0,0.0,both
C59,IMG_20150803_112802,50.0,11.0,point,200C59P20thinF,51.0,152.0,0.0,both
C59,IMG_20150803_112858,47.0,11.0,point,200C59P20thinF,48.0,152.0,1.0,both
C59,IMG_20150803_113051,48.0,12.0,,,,,,cell_images_only
C59,IMG_20150803_113139,59.0,0.0,,,,,,cell_images_only
C59,IMG_20150803_113430,54.0,0.0,,,,,,cell_images_only
C59,IMG_20150803_113809,52.0,0.0,,,,,,cell_images_only
C59,IMG_20150803_115303,46.0,0.0,,,,,,cell_images_only
C6,IMG_20150609_121955,0.0,12.0,point,243C6NThinF,0.0,227.0,0.0,both
C6,IMG_20150609_122327,0.0,12.0,point,243C6NThinF,0.0,238.0,1.0,both
C6,IMG_20150609_122421,0.0,12.0,point,243C6NThinF,0.0,259.0,0.0,both
C6,IMG_20150609_122547,0.0,12.0,point,243C6NThinF,0.0,245.0,0.0,both
C6,IMG_20150609_122725,0.0,11.0,point,243C6NThinF,0.0,223.0,0.0,both
C6,IMG_20150609_122832,0.0,11.0,,,,,,cell_images_only
C60,IMG_20150803_144003,13.0,11.0,point,201C60P21thinF,21.0,174.0,0.0,both
C60,IMG_20150803_144510,13.0,12.0,point,201C60P21thinF,14.0,172.0,0.0,both
C60,IMG_20150803_144629,15.0,0.0,,,,,,cell_images_only
C60,IMG_20150804_104919,15.0,11.0,point,201C60P21thinF,17.0,164.0,0.0,both
C60,IMG_20150804_105034,24.0,11.0,point,201C60P21thinF,29.0,142.0,0.0,both
C60,IMG_20150804_105639,17.0,0.0,,,,,,cell_images_only
C60,IMG_20150804_105955,16.0,11.0,point,201C60P21thinF,25.0,170.0,1.0,both
C60,IMG_20150804_113011,19.0,0.0,,,,,,cell_images_only
C60,IMG_20150804_113602,10.0,13.0,,,,,,cell_images_only
C61,IMG_20150818_112252,1.0,12.0,point,202C61P22N_ThinF,1.0,263.0,2.0,both
C61,IMG_20150818_112433,0.0,12.0,point,202C61P22N_ThinF,0.0,195.0,1.0,both
C61,IMG_20150818_112518,1.0,12.0,point,202C61P22N_ThinF,1.0,183.0,0.0,both
C61,IMG_20150818_112626,0.0,11.0,point,202C61P22N_ThinF,0.0,220.0,0.0,both
C61,IMG_20150818_112704,1.0,12.0,point,202C61P22N_ThinF,1.0,222.0,0.0,both
C61,IMG_20150818_112811,1.0,12.0,,,,,,cell_images_only
C62,IMG_20150818_132811,7.0,12.0,point,203C62P23N_ThinF,7.0,197.0,0.0,both
C62,IMG_20150818_132918,7.0,11.0,point,203C62P23N_ThinF,7.0,200.0,0.0,both
C62,IMG_20150818_133055,6.0,11.0,point,203C62P23N_ThinF,6.0,187.0,0.0,both
C62,IMG_20150818_133211,4.0,12.0,point,203C62P23N_ThinF,5.0,218.0,0.0,both
C62,IMG_20150818_133307,6.0,12.0,point,203C62P23N_ThinF,6.0,189.0,0.0,both
C62,IMG_20150818_133527,10.0,11.0,,,,,,cell_images_only
C63,IMG_20150818_142948,6.0,11.0,point,204C63P24N_ThinF,6.0,216.0,0.0,both
C63,IMG_20150818_143319,6.0,12.0,point,204C63P24N_ThinF,6.0,191.0,0.0,both
C63,IMG_20150818_143423,8.0,11.0,point,204C63P24N_ThinF,9.0,198.0,0.0,both
C63,IMG_20150818_143544,10.0,11.0,point,204C63P24N_ThinF,11.0,197.0,0.0,both
C63,IMG_20150818_143757,13.0,12.0,point,204C63P24N_ThinF,14.0,194.0,0.0,both
C63,IMG_20150818_144456,7.0,11.0,,,,,,cell_images_only
C64,IMG_20150818_152337,2.0,11.0,point,205C64P25N_ThinF,2.0,176.0,0.0,both
C64,IMG_20150818_152455,1.0,11.0,point,205C64P25N_ThinF,1.0,179.0,0.0,both
C64,IMG_20150818_152613,1.0,12.0,point,205C64P25N_ThinF,1.0,205.0,0.0,both
C64,IMG_20150818_152921,3.0,12.0,point,205C64P25N_ThinF,3.0,228.0,0.0,both
C64,IMG_20150818_153401,2.0,11.0,point,205C64P25N_ThinF,2.0,240.0,0.0,both
C64,IMG_20150818_153517,1.0,12.0,,,,,,cell_images_only
C65,IMG_20150818_154010,3.0,11.0,point,206C65P26N_ThinF,3.0,202.0,0.0,both
C65,IMG_20150818_154050,4.0,12.0,point,206C65P26N_ThinF,4.0,177.0,0.0,both
C65,IMG_20150818_154326,5.0,11.0,point,206C65P26N_ThinF,5.0,181.0,0.0,both
C65,IMG_20150818_154436,2.0,13.0,point,206C65P26N_ThinF,2.0,179.0,0.0,both
C65,IMG_20150818_154624,2.0,12.0,point,206C65P26N_ThinF,2.0,206.0,0.0,both
C65,IMG_20150818_154714,7.0,12.0,,,,,,cell_images_only
C66,IMG_20150818_163419,19.0,11.0,point,207C66P27N_ThinF,19.0,205.0,0.0,both
C66,IMG_20150818_163551,13.0,11.0,point,207C66P27N_ThinF,13.0,175.0,0.0,both
C66,IMG_20150818_164008,15.0,11.0,point,207C66P27N_ThinF,15.0,151.0,0.0,both
C66,IMG_20150818_164408,22.0,10.0,point,207C66P27N_ThinF,22.0,141.0,0.0,both
C66,IMG_20150818_164702,8.0,11.0,point,207C66P27N_ThinF,9.0,151.0,0.0,both
C66,IMG_20150818_164754,12.0,12.0,,,,,,cell_images_only
C67,IMG_20150819_115417,4.0,9.0,polygon,208C67P28N_ThinF,4.0,183.0,0.0,both
C67,IMG_20150819_115955,6.0,8.0,polygon,208C67P28N_ThinF,6.0,174.0,0.0,both
C67,IMG_20150819_121053,9.0,7.0,polygon,208C67P28N_ThinF,9.0,235.0,0.0,both
C67,IMG_20150819_121240,4.0,8.0,polygon,208C67P28N_ThinF,6.0,287.0,0.0,both
C67,IMG_20150819_121456,16.0,8.0,polygon,208C67P28N_ThinF,17.0,274.0,0.0,both
C67,IMG_20150819_125901,3.0,9.0,,,,,,cell_images_only
C67,IMG_20150819_132441,14.0,9.0,,,,,,cell_images_only
C67,IMG_20150819_133000,7.0,9.0,,,,,,cell_images_only
C68,IMG_20150819_133236,83.0,11.0,polygon,209C68P29N_ThinF,84.0,134.0,0.0,both
C68,IMG_20150819_133350,71.0,12.0,polygon,209C68P29N_ThinF,74.0,133.0,0.0,both
C68,IMG_20150819_133447,65.0,12.0,polygon,209C68P29N_ThinF,71.0,135.0,3.0,both
C68,IMG_20150819_134112,57.0,11.0,polygon,209C68P29N_ThinF,58.0,120.0,0.0,both
C68,IMG_20150819_134326,62.0,12.0,polygon,209C68P29N_ThinF,62.0,121.0,0.0,both
C68,IMG_20150819_134504,72.0,11.0,,,,,,cell_images_only
C68,IMG_20150819_134625,65.0,0.0,,,,,,cell_images_only
C68,IMG_20150819_134712,78.0,0.0,,,,,,cell_images_only
C68,IMG_20150819_134830,80.0,0.0,,,,,,cell_images_only
C69,IMG_20150819_135421,3.0,13.0,point,210C69P30N_ThinF,4.0,250.0,0.0,both
C69,IMG_20150819_135613,2.0,13.0,point,210C69P30N_ThinF,2.0,261.0,0.0,both
C69,IMG_20150819_135705,0.0,14.0,point,210C69P30N_ThinF,0.0,234.0,1.0,both
C69,IMG_20150819_140143,1.0,14.0,point,210C69P30N_ThinF,1.0,260.0,0.0,both
C69,IMG_20150819_140652,2.0,14.0,point,210C69P30N_ThinF,2.0,236.0,0.0,both
C7,IMG_20150611_104404,0.0,9.0,polygon,244C7NthinF,0.0,204.0,0.0,both
C7,IMG_20150611_104510,0.0,10.0,polygon,244C7NthinF,0.0,201.0,0.0,both
C7,IMG_20150611_104609,0.0,10.0,polygon,244C7NthinF,0.0,218.0,1.0,both
C7,IMG_20150611_104753,0.0,9.0,polygon,244C7NthinF,0.0,190.0,2.0,both
C7,IMG_20150611_104824,0.0,9.0,polygon,244C7NthinF,0.0,216.0,0.0,both
C7,IMG_20150611_105043,0.0,10.0,,,,,,cell_images_only
C7,IMG_20150611_105444,0.0,10.0,,,,,,cell_images_only
C70,IMG_20150813_130332,15.0,7.0,polygon,211C70P31_ThinF,15.0,99.0,2.0,both
C70,IMG_20150813_130510,14.0,6.0,polygon,211C70P31_ThinF,14.0,80.0,0.0,both
C70,IMG_20150813_130849,9.0,8.0,polygon,211C70P31_ThinF,9.0,70.0,0.0,both
C70,IMG_20150813_131022,9.0,7.0,polygon,211C70P31_ThinF,9.0,88.0,0.0,both
C70,IMG_20150813_131330,19.0,7.0,polygon,211C70P31_ThinF,22.0,94.0,2.0,both
C70,IMG_20150813_131457,17.0,0.0,,,,,,cell_images_only
C70,IMG_20150813_131609,16.0,7.0,,,,,,cell_images_only
C70,IMG_20150813_131708,11.0,0.0,,,,,,cell_images_only
C70,IMG_20150813_131924,15.0,0.0,,,,,,cell_images_only
C70,IMG_20150813_132732,15.0,0.0,,,,,,cell_images_only
C70,IMG_20150819_141327,7.0,6.0,,,,,,cell_images_only
C70,IMG_20150819_141403,10.0,7.0,,,,,,cell_images_only
C70,IMG_20150819_141436,9.0,7.0,,,,,,cell_images_only
C70,IMG_20150819_141730,12.0,6.0,,,,,,cell_images_only
C70,IMG_20150819_142239,14.0,0.0,,,,,,cell_images_only
C70,IMG_20150819_142703,20.0,0.0,,,,,,cell_images_only
C70,IMG_20150819_142744,17.0,8.0,,,,,,cell_images_only
C71,IMG_20150813_161634,0.0,11.0,polygon,212C71P32_ThinF,0.0,243.0,0.0,both
C71,IMG_20150813_162016,3.0,12.0,polygon,212C71P32_ThinF,4.0,277.0,0.0,both
C71,IMG_20150813_162146,2.0,12.0,polygon,212C71P32_ThinF,2.0,214.0,0.0,both
C71,IMG_20150813_162554,2.0,12.0,polygon,212C71P32_ThinF,3.0,206.0,0.0,both
C71,IMG_20150813_163120,1.0,11.0,polygon,212C71P32_ThinF,1.0,219.0,0.0,both
C71,IMG_20150813_163655,1.0,12.0,,,,,,cell_images_only
C72,IMG_20150815_104045,2.0,12.0,point,213C72P33_ThinF,2.0,207.0,1.0,both
C72,IMG_20150815_104307,2.0,12.0,point,213C72P33_ThinF,2.0,222.0,1.0,both
C72,IMG_20150815_104843,0.0,11.0,point,213C72P33_ThinF,0.0,211.0,0.0,both
C72,IMG_20150815_104923,1.0,12.0,point,213C72P33_ThinF,1.0,235.0,0.0,both
C72,IMG_20150815_105033,0.0,12.0,point,213C72P33_ThinF,0.0,211.0,0.0,both
C72,IMG_20150815_105823,1.0,12.0,,,,,,cell_images_only
C73,IMG_20150815_111114,0.0,12.0,point,214C73P34_ThinF,0.0,212.0,0.0,both
C73,IMG_20150815_111302,0.0,12.0,point,214C73P34_ThinF,0.0,160.0,0.0,both
C73,IMG_20150815_111422,0.0,12.0,point,214C73P34_ThinF,0.0,188.0,0.0,both
C73,IMG_20150815_111501,0.0,11.0,point,214C73P34_ThinF,0.0,185.0,0.0,both
C73,IMG_20150815_111653,2.0,11.0,point,214C73P34_ThinF,2.0,181.0,0.0,both
C73,IMG_20150815_112246,1.0,12.0,,,,,,cell_images_only
C74,IMG_20150815_113951,8.0,9.0,point,215C74P35_ThinF,9.0,126.0,0.0,both
C74,IMG_20150815_114153,5.0,8.0,point,215C74P35_ThinF,5.0,182.0,0.0,both
C74,IMG_20150815_114401,5.0,9.0,point,215C74P35_ThinF,5.0,157.0,0.0,both
C74,IMG_20150815_114555,4.0,9.0,point,215C74P35_ThinF,4.0,132.0,0.0,both
C74,IMG_20150815_114819,4.0,9.0,point,215C74P35_ThinF,4.0,128.0,1.0,both
C74,IMG_20150815_120712,2.0,8.0,,,,,,cell_images_only
C74,IMG_20150815_120957,9.0,9.0,,,,,,cell_images_only
C74,IMG_20150815_121324,4.0,9.0,,,,,,cell_images_only
C75,IMG_20150815_162935,1.0,9.0,point,216C75P36_ThinF,1.0,154.0,0.0,both
C75,IMG_20150815_163015,1.0,10.0,point,216C75P36_ThinF,1.0,170.0,0.0,both
C75,IMG_20150815_163059,3.0,9.0,point,216C75P36_ThinF,3.0,172.0,1.0,both
C75,IMG_20150815_163147,0.0,10.0,point,216C75P36_ThinF,0.0,161.0,0.0,both
C75,IMG_20150815_163225,1.0,8.0,point,216C75P36_ThinF,1.0,180.0,0.0,both
C75,IMG_20150815_163707,0.0,9.0,,,,,,cell_images_only
C75,IMG_20150815_163742,2.0,10.0,,,,,,cell_images_only
C76,IMG_20150815_165356,5.0,12.0,point,218C76P37ThinF,5.0,180.0,0.0,both
C76,IMG_20150815_171214,8.0,12.0,point,218C76P37ThinF,8.0,195.0,0.0,both
C76,IMG_20150815_171454,13.0,12.0,point,218C76P37ThinF,13.0,249.0,0.0,both
C76,IMG_20150815_172808,17.0,11.0,point,218C76P37ThinF,17.0,232.0,0.0,both
C76,IMG_20150815_172902,15.0,12.0,point,218C76P37ThinF,16.0,232.0,0.0,both
C76,IMG_20150815_173019,14.0,9.0,,,,,,cell_images_only
C77,IMG_20150601_152941,2.0,8.0,point,219C77P38ThinF,2.0,132.0,0.0,both
C77,IMG_20150601_155125,2.0,8.0,point,219C77P38ThinF,2.0,132.0,0.0,both
C77,IMG_20150601_155642,2.0,8.0,point,219C77P38ThinF,2.0,156.0,1.0,both
C77,IMG_20150602_111510,3.0,10.0,point,219C77P38ThinF,3.0,127.0,0.0,both
C77,IMG_20150602_112011,6.0,9.0,point,219C77P38ThinF,6.0,124.0,0.0,both
C77,IMG_20150602_142303,2.0,7.0,,,,,,cell_images_only
C77,IMG_20150602_143524,2.0,9.0,,,,,,cell_images_only
C77,IMG_20150602_143650,1.0,8.0,,,,,,cell_images_only
C78,IMG_20150606_103413,8.0,12.0,point,220C78P39ThinF,11.0,219.0,2.0,both
C78,IMG_20150606_103459,7.0,12.0,point,220C78P39ThinF,7.0,170.0,1.0,both
C78,IMG_20150606_103630,4.0,12.0,point,220C78P39ThinF,4.0,170.0,0.0,both
C78,IMG_20150606_104106,9.0,11.0,point,220C78P39ThinF,9.0,171.0,0.0,both
C78,IMG_20150606_104426,8.0,12.0,point,220C78P39ThinF,8.0,153.0,1.0,both
C78,IMG_20150606_104936,5.0,12.0,,,,,,cell_images_only
C79,IMG_20150817_102702,1.0,8.0,polygon,221C79P40ThinF,1.0,184.0,0.0,both
C79,IMG_20150817_102823,0.0,9.0,polygon,221C79P40ThinF,0.0,158.0,0.0,both
C79,IMG_20150817_103139,0.0,9.0,polygon,221C79P40ThinF,0.0,145.0,0.0,both
C79,IMG_20150817_103303,2.0,9.0,polygon,221C79P40ThinF,2.0,157.0,0.0,both
C79,IMG_20150817_103901,1.0,8.0,polygon,221C79P40ThinF,1.0,123.0,0.0,both
C79,IMG_20150817_104316,0.0,8.0,,,,,,cell_images_only
C79,IMG_20150817_104745,0.0,9.0,,,,,,cell_images_only
C79,IMG_20150817_104919,3.0,9.0,,,,,,cell_images_only
C80,IMG_20150817_110348,17.0,9.0,point,222C80P41ThinF,17.0,148.0,1.0,both
C80,IMG_20150817_110608,19.0,10.0,point,222C80P41ThinF,21.0,151.0,1.0,both
C80,IMG_20150817_110834,28.0,10.0,point,222C80P41ThinF,28.0,137.0,1.0,both
C80,IMG_20150817_110957,34.0,10.0,point,222C80P41ThinF,36.0,163.0,1.0,both
C80,IMG_20150817_111121,27.0,9.0,point,222C80P41ThinF,28.0,157.0,1.0,both
C80,IMG_20150817_111246,24.0,9.0,,,,,,cell_images_only
C80,IMG_20150817_111544,20.0,9.0,,,,,,cell_images_only
C80,IMG_20150817_111802,25.0,0.0,,,,,,cell_images_only
C80,IMG_20150817_111943,22.0,0.0,,,,,,cell_images_only
C80,IMG_20150817_112329,31.0,0.0,,,,,,cell_images_only
C80,IMG_20150817_112557,21.0,0.0,,,,,,cell_images_only
C81,IMG_20150817_115942,13.0,10.0,point,223C81P42ThinF,13.0,219.0,0.0,both
C81,IMG_20150817_120351,12.0,12.0,point,223C81P42ThinF,12.0,187.0,1.0,both
C81,IMG_20150817_120524,13.0,11.0,point,223C81P42ThinF,13.0,183.0,0.0,both
C81,IMG_20150817_120712,12.0,12.0,point,223C81P42ThinF,12.0,166.0,2.0,both
C81,IMG_20150817_120856,6.0,9.0,point,223C81P42ThinF,6.0,202.0,1.0,both
C81,IMG_20150817_121113,7.0,10.0,,,,,,cell_images_only
C82,IMG_20150817_123500,32.0,13.0,point,224C82P43ThinF,35.0,227.0,0.0,both
C82,IMG_20150817_123652,33.0,13.0,point,224C82P43ThinF,33.0,208.0,1.0,both
C82,IMG_20150817_123824,37.0,12.0,point,224C82P43ThinF,38.0,184.0,0.0,both
C82,IMG_20150817_124010,29.0,13.0,point,224C82P43ThinF,29.0,189.0,0.0,both
C82,IMG_20150817_124418,28.0,14.0,point,224C82P43ThinF,28.0,156.0,0.0,both
C82,IMG_20150817_124728,28.0,0.0,,,,,,cell_images_only
C82,IMG_20150817_125114,19.0,0.0,,,,,,cell_images_only
C82,IMG_20150817_125326,28.0,0.0,,,,,,cell_images_only
C83,IMG_20150817_133218,0.0,9.0,point,225C83P44ThinF,0.0,207.0,0.0,both
C83,IMG_20150817_133355,0.0,11.0,point,225C83P44ThinF,0.0,190.0,0.0,both
C83,IMG_20150817_133454,0.0,10.0,point,225C83P44ThinF,0.0,180.0,0.0,both
C83,IMG_20150817_133609,2.0,10.0,point,225C83P44ThinF,2.0,174.0,0.0,both
C83,IMG_20150817_134331,1.0,10.0,point,225C83P44ThinF,1.0,204.0,1.0,both
C83,IMG_20150817_134820,0.0,10.0,,,,,,cell_images_only
C83,IMG_20150817_140045,0.0,10.0,,,,,,cell_images_only
C84,IMG_20150818_101056,17.0,7.0,point,226C84P45ThinF,21.0,131.0,0.0,both
C84,IMG_20150818_101146,20.0,7.0,point,226C84P45ThinF,21.0,94.0,0.0,both
C84,IMG_20150818_101226,13.0,7.0,point,226C84P45ThinF,14.0,91.0,0.0,both
C84,IMG_20150818_101257,24.0,7.0,point,226C84P45ThinF,24.0,77.0,0.0,both
C84,IMG_20150818_101412,18.0,7.0,point,226C84P45ThinF,19.0,102.0,0.0,both
C84,IMG_20150818_101550,19.0,6.0,,,,,,cell_images_only
C84,IMG_20150818_101903,14.0,0.0,,,,,,cell_images_only
C84,IMG_20150818_102009,14.0,0.0,,,,,,cell_images_only
C84,IMG_20150818_102325,16.0,8.0,,,,,,cell_images_only
C84,IMG_20150818_102507,13.0,7.0,,,,,,cell_images_only
C84,IMG_20150818_102654,15.0,6.0,,,,,,cell_images_only
C84,IMG_20150818_102800,20.0,0.0,,,,,,cell_images_only
C84,IMG_20150818_103817,17.0,0.0,,,,,,cell_images_only
C84,IMG_20150818_104156,15.0,7.0,,,,,,cell_images_only
C84,IMG_20150818_104849,27.0,0.0,,,,,,cell_images_only
C85,IMG_20150820_105154,3.0,14.0,point,227C85P46ThinF,3.0,227.0,0.0,both
C85,IMG_20150820_105301,6.0,14.0,point,227C85P46ThinF,6.0,270.0,0.0,both
C85,IMG_20150820_105748,6.0,14.0,point,227C85P46ThinF,6.0,280.0,0.0,both
C85,IMG_20150820_110040,1.0,14.0,point,227C85P46ThinF,1.0,253.0,0.0,both
C85,IMG_20150820_110143,3.0,13.0,point,227C85P46ThinF,4.0,256.0,0.0,both
C86,IMG_20150820_123717,0.0,14.0,polygon,228C86P47ThinF,0.0,244.0,0.0,both
C86,IMG_20150820_124025,1.0,13.0,polygon,228C86P47ThinF,1.0,253.0,0.0,both
C86,IMG_20150820_124259,1.0,14.0,polygon,228C86P47ThinF,1.0,262.0,0.0,both
C86,IMG_20150820_124943,1.0,14.0,polygon,228C86P47ThinF,1.0,238.0,0.0,both
C86,IMG_20150820_125057,1.0,13.0,polygon,228C86P47ThinF,1.0,239.0,0.0,both
C87,IMG_20150820_132327,3.0,12.0,point,229C87P48ThinF,3.0,185.0,0.0,both
C87,IMG_20150820_132514,4.0,11.0,point,229C87P48ThinF,4.0,219.0,0.0,both
C87,IMG_20150820_132642,4.0,11.0,point,229C87P48ThinF,5.0,188.0,0.0,both
C87,IMG_20150820_141913,3.0,12.0,point,229C87P48ThinF,3.0,210.0,0.0,both
C87,IMG_20150820_144714,4.0,12.0,point,229C87P48ThinF,4.0,203.0,0.0,both
C87,IMG_20150820_144855,7.0,12.0,,,,,,cell_images_only
C88,IMG_20150820_150141,3.0,12.0,point,230C88P49ThinF,3.0,221.0,0.0,both
C88,IMG_20150820_150724,1.0,12.0,point,230C88P49ThinF,1.0,252.0,0.0,both
C88,IMG_20150820_151451,1.0,12.0,point,230C88P49ThinF,1.0,213.0,0.0,both
C88,IMG_20150820_151626,2.0,12.0,point,230C88P49ThinF,2.0,191.0,0.0,both
C88,IMG_20150820_152521,2.0,11.0,point,230C88P49ThinF,2.0,222.0,0.0,both
C88,IMG_20150820_153042,3.0,11.0,,,,,,cell_images_only
C89,IMG_20150820_162153,13.0,11.0,polygon,231C89P50ThinF,14.0,191.0,0.0,both
C89,IMG_20150820_162300,8.0,12.0,polygon,231C89P50ThinF,8.0,214.0,0.0,both
C89,IMG_20150820_162504,15.0,12.0,polygon,231C89P50ThinF,15.0,191.0,2.0,both
C89,IMG_20150820_162813,10.0,12.0,polygon,231C89P50ThinF,13.0,221.0,0.0,both
C89,IMG_20150820_163347,7.0,11.0,polygon,231C89P50ThinF,8.0,206.0,0.0,both
C89,IMG_20150820_163728,14.0,12.0,,,,,,cell_images_only
C90,IMG_20150821_115056,2.0,14.0,point,232C90P51ThinF,2.0,269.0,0.0,both
C90,IMG_20150821_115310,2.0,14.0,point,232C90P51ThinF,2.0,198.0,0.0,both
C90,IMG_20150821_115700,3.0,13.0,point,232C90P51ThinF,3.0,287.0,1.0,both
C90,IMG_20150821_115846,1.0,14.0,point,232C90P51ThinF,1.0,246.0,1.0,both
C90,IMG_20150821_120044,1.0,14.0,point,232C90P51ThinF,1.0,241.0,1.0,both
C91,IMG_20150821_123116,31.0,12.0,point,233C91P52ThinF,35.0,197.0,0.0,both
C91,IMG_20150821_123314,23.0,11.0,point,233C91P52ThinF,25.0,197.0,0.0,both
C91,IMG_20150821_124311,39.0,0.0,,,,,,cell_images_only
C91,IMG_20150821_124504,24.0,12.0,point,233C91P52ThinF,30.0,224.0,0.0,both
C91,IMG_20150821_124739,29.0,11.0,point,233C91P52ThinF,33.0,207.0,0.0,both
C91,IMG_20150821_124937,41.0,11.0,point,233C91P52ThinF,42.0,217.0,0.0,both
C91,IMG_20150821_125154,27.0,12.0,,,,,,cell_images_only
C91,IMG_20150821_125256,21.0,0.0,,,,,,cell_images_only
C91,IMG_20150821_125423,29.0,0.0,,,,,,cell_images_only
C92,IMG_20150821_150457,7.0,13.0,point,234C92P53ThinF,8.0,286.0,0.0,both
C92,IMG_20150821_150718,2.0,14.0,point,234C92P53ThinF,2.0,203.0,0.0,both
C92,IMG_20150821_151224,7.0,13.0,point,234C92P53ThinF,7.0,215.0,0.0,both
C92,IMG_20150821_151646,7.0,14.0,point,234C92P53ThinF,7.0,214.0,0.0,both
C92,IMG_20150821_151722,3.0,13.0,point,234C92P53ThinF,3.0,244.0,1.0,both
C93,IMG_20150821_162641,10.0,11.0,point,235C93P54ThinF,10.0,229.0,0.0,both
C93,IMG_20150821_162901,16.0,11.0,point,235C93P54ThinF,16.0,203.0,1.0,both
C93,IMG_20150821_163452,8.0,12.0,point,235C93P54ThinF,8.0,215.0,0.0,both
C93,IMG_20150821_163640,17.0,11.0,point,235C93P54ThinF,17.0,203.0,0.0,both
C93,IMG_20150821_163815,18.0,12.0,point,235C93P54ThinF,18.0,221.0,0.0,both
C93,IMG_20150821_164024,16.0,11.0,,,,,,cell_images_only
C94,IMG_20150821_165118,1.0,14.0,polygon,236C94P55ThinF,1.0,266.0,0.0,both
C94,IMG_20150821_165519,0.0,14.0,polygon,236C94P55ThinF,0.0,295.0,0.0,both
C94,IMG_20150821_170021,4.0,14.0,polygon,236C94P55ThinF,5.0,223.0,0.0,both
C94,IMG_20150821_170249,1.0,13.0,polygon,236C94P55ThinF,1.0,227.0,0.0,both
C94,IMG_20150821_170403,3.0,15.0,polygon,236C94P55ThinF,3.0,241.0,1.0,both
C95,IMG_20150821_171242,2.0,7.0,point,237C95P56ThinF,4.0,118.0,0.0,both
C95,IMG_20150821_171530,1.0,6.0,point,237C95P56ThinF,1.0,115.0,0.0,both
C95,IMG_20150821_171603,6.0,7.0,point,237C95P56ThinF,6.0,114.0,0.0,both
C95,IMG_20150821_171631,1.0,7.0,point,237C95P56ThinF,2.0,132.0,0.0,both
C95,IMG_20150821_171701,4.0,7.0,point,237C95P56ThinF,5.0,104.0,0.0,both
C95,IMG_20150821_171751,0.0,7.0,,,,,,cell_images_only
C95,IMG_20150821_172222,0.0,7.0,,,,,,cell_images_only
C95,IMG_20150821_172319,3.0,7.0,,,,,,cell_images_only
C95,IMG_20150821_172351,3.0,7.0,,,,,,cell_images_only
C95,IMG_20150821_172607,4.0,6.0,,,,,,cell_images_only
C96,IMG_20150824_105213,6.0,10.0,point,238C96P57ThinF,6.0,220.0,0.0,both
C96,IMG_20150824_105445,3.0,9.0,point,238C96P57ThinF,3.0,201.0,0.0,both
C96,IMG_20150824_105531,1.0,10.0,point,238C96P57ThinF,1.0,227.0,0.0,both
C96,IMG_20150824_110812,1.0,9.0,point,238C96P57ThinF,1.0,222.0,0.0,both
C96,IMG_20150824_111748,5.0,10.0,point,238C96P57ThinF,5.0,235.0,0.0,both
C96,IMG_20150824_112132,2.0,9.0,,,,,,cell_images_only
C96,IMG_20150824_112442,1.0,10.0,,,,,,cell_images_only
C97,IMG_20150917_145555,30.0,10.0,point,245C97P58ThinF,30.0,167.0,0.0,both
C97,IMG_20150917_150838,22.0,8.0,point,245C97P58ThinF,22.0,145.0,0.0,both
C97,IMG_20150917_151320,19.0,8.0,point,245C97P58ThinF,20.0,144.0,0.0,both
C97,IMG_20150917_151437,20.0,9.0,point,245C97P58ThinF,20.0,163.0,0.0,both
C97,IMG_20150917_151512,24.0,10.0,point,245C97P58ThinF,25.0,166.0,0.0,both
C97,IMG_20150917_151551,25.0,10.0,,,,,,cell_images_only
C97,IMG_20150917_151903,32.0,0.0,,,,,,cell_images_only
C97,IMG_20150917_152032,29.0,10.0,,,,,,cell_images_only
C97,IMG_20150917_152225,28.0,0.0,,,,,,cell_images_only
C97,IMG_20150917_152437,16.0,0.0,,,,,,cell_images_only
C98,IMG_20150917_153030,8.0,9.0,point,246C98P59ThinF,8.0,161.0,0.0,both
C98,IMG_20150917_153311,7.0,9.0,point,246C98P59ThinF,7.0,168.0,0.0,both
C98,IMG_20150917_153600,4.0,11.0,point,246C98P59ThinF,4.0,194.0,0.0,both
C98,IMG_20150917_153801,2.0,10.0,point,246C98P59ThinF,2.0,213.0,0.0,both
C98,IMG_20150917_153938,3.0,10.0,point,246C98P59ThinF,3.0,181.0,1.0,both
C98,IMG_20150917_154235,6.0,10.0,,,,,,cell_images_only
C98,IMG_20150917_154452,9.0,10.0,,,,,,cell_images_only
C99,IMG_20150918_140900,51.0,10.0,polygon,247C99P60ThinF,55.0,109.0,1.0,both
C99,IMG_20150918_141001,77.0,10.0,polygon,247C99P60ThinF,79.0,101.0,0.0,both
C99,IMG_20150918_141129,65.0,10.0,polygon,247C99P60ThinF,68.0,114.0,0.0,both
C99,IMG_20150918_141314,55.0,10.0,polygon,247C99P60ThinF,59.0,106.0,1.0,both
C99,IMG_20150918_141351,49.0,7.0,polygon,247C99P60ThinF,52.0,104.0,0.0,both
C99,IMG_20150918_141520,59.0,11.0,,,,,,cell_images_only
C99,IMG_20150918_141620,59.0,0.0,,,,,,cell_images_only
C99,IMG_20150918_141857,58.0,0.0,,,,,,cell_images_only
C99,IMG_20150918_142128,43.0,10.0,,,,,,cell_images_only
C99,IMG_20150918_142334,48.0,0.0,,,,,,cell_images_only
