model,arch,seed,test_set,metric,n_cells,n_images,value,ci_low,ci_high,drop_pp,drop_ci_low,drop_ci_high
mobilenet_v2_s0,mobilenet_v2,0,nih_test,sensitivity,4177,211,0.9708029197080292,0.9528708283546836,0.9817858479365493,,,
mobilenet_v2_s0,mobilenet_v2,0,nih_test,specificity,4177,211,0.9816211121583411,0.9748423274838369,0.9875611402353343,,,
mobilenet_v2_s0,mobilenet_v2,0,nih_test,auc,4177,211,0.9957824528574475,0.9928305671013596,0.9981944959870607,,,
mobilenet_v2_s0,mobilenet_v2,0,bbbc041/site_a,sensitivity,79569,1208,0.8371335504885994,0.8175766232366817,0.855178019077232,13.366936921942985,10.787175483433373,15.658760890723988
mobilenet_v2_s0,mobilenet_v2,0,bbbc041/site_a,specificity,79569,1208,0.9002195815034875,0.8918581237386314,0.9086005846948371,8.140153065485368,7.106465283894892,9.227414322872663
mobilenet_v2_s0,mobilenet_v2,0,bbbc041/site_a,auc,79569,1208,0.9451520800107804,0.9397629786519434,0.9500834706608222,5.063037284666705,4.469506430085517,5.654767190598402
mobilenet_v2_s0,mobilenet_v2,0,bbbc041/site_b,sensitivity,5917,120,0.30363036303630364,0.23961211357602485,0.3675670082333989,66.71725566717257,59.84926841028779,73.06920348593661
mobilenet_v2_s0,mobilenet_v2,0,bbbc041/site_b,specificity,5917,120,0.9907374421090132,0.9881478267713436,0.9934415307787651,-0.911632995067202,-1.6342171213550074,-0.2865226018016944
mobilenet_v2_s0,mobilenet_v2,0,bbbc041/site_b,auc,5917,120,0.9302168905882394,0.9107892431194436,0.9468903583423735,6.556556226920806,4.858931164102826,8.534145141976175
mobilenet_v2_s0,mobilenet_v2,0,mpidb/falciparum,sensitivity,1297,104,0.28604471858134156,0.22453987077015014,0.34302336420234814,68.47582011266877,62.43831822048139,74.5670519252201
mobilenet_v2_s0,mobilenet_v2,0,mpidb/other,sensitivity,140,106,0.38571428571428573,0.293640350877193,0.4740271765271765,58.508863399374356,49.31131373708309,67.71524914998598
