test_set,metric,model_a,model_b,drop_a,drop_a_ci_low,drop_a_ci_high,drop_b,drop_b_ci_low,drop_b_ci_high,diff_pp,diff_ci_low,diff_ci_high,diff_adj_ci_low,diff_adj_ci_high,adj_interval_excludes_0
bbbc041/site_a,sensitivity,vgg16_s0,resnet50_s0,-1.0538257481836677,-2.6236037910745167,0.04871046937566522,17.933583095855145,15.521759429280692,20.147308733511224,-18.98740884403881,-21.06451328627235,-16.90774489877542,-22.47344378730765,-15.660374050760439,True
bbbc041/site_a,sensitivity,vgg16_s0,mobilenet_v2_s0,-1.0538257481836677,-2.6236037910745167,0.04871046937566522,13.366936921942985,10.787175483433373,15.658760890723988,-14.420762670126653,-16.483312400712506,-12.436659250672559,-17.449621255261118,-11.49168272736749,True
bbbc041/site_a,sensitivity,resnet50_s0,mobilenet_v2_s0,17.933583095855145,15.521759429280692,20.147308733511224,13.366936921942985,10.787175483433373,15.658760890723988,4.56664617391216,2.645171596355595,6.433507533975856,1.8057383418567021,7.530172690390548,True
bbbc041/site_a,specificity,vgg16_s0,resnet50_s0,31.026395310984732,28.757099005046516,33.18140206171479,11.021757036724667,9.927312277910076,12.131009599614346,20.004638274260067,17.91130923544516,22.048756973734445,16.822589101505006,23.06709241498015,True
bbbc041/site_a,specificity,vgg16_s0,mobilenet_v2_s0,31.026395310984732,28.757099005046516,33.18140206171479,8.140153065485368,7.106465283894892,9.227414322872663,22.886242245499364,20.786095291884866,25.114765256291584,19.817845271118767,25.895159744756267,True
bbbc041/site_a,specificity,resnet50_s0,mobilenet_v2_s0,11.021757036724667,9.927312277910076,12.131009599614346,8.140153065485368,7.106465283894892,9.227414322872663,2.881603971239299,2.2038875219166156,3.576061681225147,1.667483045482996,4.030512273421319,True
bbbc041/site_a,auc,vgg16_s0,resnet50_s0,2.5140908668118134,2.0953884306041344,2.9051439594176003,7.629433128884344,6.931572069865366,8.272011603419976,-5.115342262072531,-5.77230118344163,-4.450582196359087,-6.230562224512874,-4.019063474532749,True
bbbc041/site_a,auc,vgg16_s0,mobilenet_v2_s0,2.5140908668118134,2.0953884306041344,2.9051439594176003,5.063037284666705,4.469506430085517,5.654767190598402,-2.5489464178548915,-3.151169653689742,-2.006996554715875,-3.3886754721181056,-1.6476386510944896,True
bbbc041/site_a,auc,resnet50_s0,mobilenet_v2_s0,7.629433128884344,6.931572069865366,8.272011603419976,5.063037284666705,4.469506430085517,5.654767190598402,2.566395844217639,2.0626778572546045,3.049197623932074,1.7110308413695479,3.3352859341459142,True
bbbc041/site_b,sensitivity,vgg16_s0,resnet50_s0,8.47919828479199,4.069829605163281,12.946497744264734,29.239478692394783,21.898036205626457,36.8773599043607,-20.760280407602792,-26.962258534361816,-14.877561630810845,-30.553037541629408,-11.939137961355232,True
bbbc041/site_b,sensitivity,vgg16_s0,mobilenet_v2_s0,8.47919828479199,4.069829605163281,12.946497744264734,66.71725566717257,59.84926841028779,73.06920348593661,-58.238057382380575,-64.67252463932557,-52.04000274785631,-68.45205766039508,-49.080041921015926,True
bbbc041/site_b,sensitivity,resnet50_s0,mobilenet_v2_s0,29.239478692394783,21.898036205626457,36.8773599043607,66.71725566717257,59.84926841028779,73.06920348593661,-37.47777697477778,-44.169533038067385,-30.824259803718586,-47.91520751085048,-28.022953246181917,True
bbbc041/site_b,specificity,vgg16_s0,resnet50_s0,1.5117551482811797,-0.5909960713502543,3.280556229844269,0.22093681912090934,-0.5021867580755845,0.898880003406289,1.2908183291602704,-0.42128283244396186,2.743576971433521,-1.3836002707880073,3.191205971819004,False
bbbc041/site_b,specificity,vgg16_s0,mobilenet_v2_s0,1.5117551482811797,-0.5909960713502543,3.280556229844269,-0.911632995067202,-1.6342171213550074,-0.2865226018016944,2.4233881433483817,0.7140423026822055,3.9178189185256573,-0.13400573774885058,4.461950372421992,False
bbbc041/site_b,specificity,resnet50_s0,mobilenet_v2_s0,0.22093681912090934,-0.5021867580755845,0.898880003406289,-0.911632995067202,-1.6342171213550074,-0.2865226018016944,1.1325698141881113,0.6321893314169058,1.6802713996183847,0.36995120039589,1.9882703637356218,True
bbbc041/site_b,auc,vgg16_s0,resnet50_s0,2.177298421935936,1.0526125805437836,3.5013814954835,3.183317272073083,1.9180498722937642,4.508391539043389,-1.006018850137147,-2.4215011328888556,0.44590235412932133,-3.1077414804682704,1.1233729406753041,False
bbbc041/site_b,auc,vgg16_s0,mobilenet_v2_s0,2.177298421935936,1.0526125805437836,3.5013814954835,6.556556226920806,4.858931164102826,8.534145141976175,-4.379257804984871,-5.711501988247839,-3.258957294010926,-6.295017636769754,-2.7554478940950857,True
bbbc041/site_b,auc,resnet50_s0,mobilenet_v2_s0,3.183317272073083,1.9180498722937642,4.508391539043389,6.556556226920806,4.858931164102826,8.534145141976175,-3.3732389548477233,-4.9645213192938416,-1.968895824806034,-5.8672054890622976,-1.2392898202540565,True
mpidb/falciparum,sensitivity,vgg16_s0,resnet50_s0,40.885029461587386,34.73726283690593,47.07654936002973,44.643393794776266,38.50641211020653,50.84847682338428,-3.7583643331888794,-7.331888396341008,-0.28588396143793915,-8.992540386277563,1.2854436547725654,False
mpidb/falciparum,sensitivity,vgg16_s0,mobilenet_v2_s0,40.885029461587386,34.73726283690593,47.07654936002973,68.47582011266877,62.43831822048139,74.5670519252201,-27.590790651081385,-32.52737594557106,-23.123806133240386,-34.427171300669436,-20.5347428581372,True
mpidb/falciparum,sensitivity,resnet50_s0,mobilenet_v2_s0,44.643393794776266,38.50641211020653,50.84847682338428,68.47582011266877,62.43831822048139,74.5670519252201,-23.832426317892505,-28.17223207015687,-19.967488550883836,-29.907809188663432,-18.26814828353155,True
mpidb/other,sensitivity,vgg16_s0,resnet50_s0,18.248175182481752,11.032764176122388,25.804483161529852,40.79770594369134,31.46829879871048,50.272104382993426,-22.54953076120959,-30.90636226224508,-13.709416338982075,-36.36370593308282,-9.691473278189637,True
mpidb/other,sensitivity,vgg16_s0,mobilenet_v2_s0,18.248175182481752,11.032764176122388,25.804483161529852,58.508863399374356,49.31131373708309,67.71524914998598,-40.2606882168926,-49.57516271813212,-31.53500047081893,-53.80083288557549,-25.37484779740916,True
mpidb/other,sensitivity,resnet50_s0,mobilenet_v2_s0,40.79770594369134,31.46829879871048,50.272104382993426,58.508863399374356,49.31131373708309,67.71524914998598,-17.711157455683015,-24.304245259685178,-10.908091685400608,-28.33334332657161,-8.51486544933924,True
