model,arch,seed,variant,test_set,metric,n_cells,n_images,value,ci_low,ci_high,drop_pp,drop_ci_low,drop_ci_high,share_recovered_total,share_recovered_step
resnet50_s0,resnet50,0,raw,bbbc041/site_a,sensitivity,79569,1208,0.7929269427640763,0.7742695296613935,0.8109864401403803,17.933583095855145,15.521759429280692,20.147308733511224,,
resnet50_s0,resnet50,0,raw,bbbc041/site_a,specificity,79569,1208,0.8732885559287006,0.8640037558907203,0.8823059869924318,11.021757036724667,9.927312277910076,12.131009599614346,,
resnet50_s0,resnet50,0,raw,bbbc041/site_a,auc,79569,1208,0.9197034534755641,0.9135372099604477,0.9259496785653343,7.629433128884344,6.931572069865366,8.272011603419976,,
resnet50_s0,resnet50,0,raw,bbbc041/site_b,sensitivity,5917,120,0.6798679867986799,0.6054121295161174,0.7491623711340205,29.239478692394783,21.898036205626457,36.8773599043607,,
resnet50_s0,resnet50,0,raw,bbbc041/site_b,specificity,5917,120,0.9812967581047382,0.9772160795899885,0.9854532891208754,0.22093681912090934,-0.5021867580755845,0.898880003406289,,
resnet50_s0,resnet50,0,raw,bbbc041/site_b,auc,5917,120,0.9641646120436768,0.9511544312220426,0.9765745169312837,3.183317272073083,1.9180498722937642,4.508391539043389,,
resnet50_s0,resnet50,0,raw,mpidb/falciparum,sensitivity,1297,104,0.525828835774865,0.46371018914190665,0.5841714630931458,44.643393794776266,38.50641211020653,50.84847682338428,,
resnet50_s0,resnet50,0,raw,mpidb/other,sensitivity,140,106,0.5642857142857143,0.4676140839153495,0.6571478521478521,40.79770594369134,31.46829879871048,50.272104382993426,,
resnet50_s0,resnet50,0,masked,bbbc041/site_a,sensitivity,79569,1208,0.9260120986505351,0.9145065605384229,0.9370574347891666,4.625067507209257,2.6529287720302173,6.384325579493391,0.7421001992469528,0.7421001992469528
resnet50_s0,resnet50,0,masked,bbbc041/site_a,specificity,79569,1208,0.6657711185740118,0.6534752984953033,0.6782537915200851,31.773500772193543,30.40343756801988,33.133124584957315,-1.8827981479108766,-1.8827981479108766
resnet50_s0,resnet50,0,masked,bbbc041/site_a,auc,79569,1208,0.9023368062789022,0.8949229231653857,0.9091223697305746,9.366097848550536,8.602151617249739,10.127546528780497,-0.22762696655552778,-0.22762696655552778
resnet50_s0,resnet50,0,masked,bbbc041/site_b,sensitivity,5917,120,0.735973597359736,0.670830554258654,0.7967894792325532,23.62891763628917,17.22735751295025,30.16720055771893,0.19188307408383873,0.19188307408383873
resnet50_s0,resnet50,0,masked,bbbc041/site_b,specificity,5917,120,0.9834342714641966,0.978980491902027,0.9878992733024236,0.007185483175065066,-0.7235457747758663,0.7099669621154217,,
resnet50_s0,resnet50,0,masked,bbbc041/site_b,auc,5917,120,0.9607120223956845,0.9402270004443188,0.9771136237470911,3.528576236872305,1.8533836555908045,5.606019534334051,-0.10845886077022349,-0.10845886077022349
resnet50_s0,resnet50,0,masked,mpidb/falciparum,sensitivity,1297,104,0.6391673091750193,0.5808043122545181,0.6948109789900635,33.30954645476084,27.381415466779906,38.988814362770974,0.25387512858266614,0.25387512858266614
resnet50_s0,resnet50,0,masked,mpidb/other,sensitivity,140,106,0.6785714285714286,0.5941974501471069,0.7619130869130868,29.36913451511991,20.75716738160719,37.76067911848278,0.28012779552715666,0.28012779552715666
resnet50_s0,resnet50,0,reinhard,bbbc041/site_a,sensitivity,79569,1208,0.42764076314564914,0.40487099793105497,0.45063209332537146,54.462201057697854,51.55957000998548,56.99281655429405,-2.0368834140169847,-2.7789836132639376
resnet50_s0,resnet50,0,reinhard,bbbc041/site_a,specificity,79569,1208,0.8195298372513562,0.8106069462733722,0.8285835340518444,16.397628904459104,15.330074297382934,17.44241108097017,-0.48775089578022357,1.3950472521306532
resnet50_s0,resnet50,0,reinhard,bbbc041/site_a,auc,79569,1208,0.7452780239744318,0.7345003368270113,0.7566010704121361,25.071976078997583,23.915474956785797,26.18511240977766,-2.2862174234252537,-2.0585904568697257
resnet50_s0,resnet50,0,reinhard,bbbc041/site_b,sensitivity,5917,120,0.759075907590759,0.6974501340931947,0.8151903297125829,21.318686613186866,15.130714768145198,27.474595500956593,0.27089375164777213,0.0790106775639334
resnet50_s0,resnet50,0,reinhard,bbbc041/site_b,specificity,5917,120,0.8975774848592804,0.8770947790010151,0.9165245790202204,8.59286414366669,6.699244491994359,10.740512872676124,,
resnet50_s0,resnet50,0,reinhard,bbbc041/site_b,auc,5917,120,0.9160911370795077,0.8935734357707938,0.9359949572501346,7.990664768489985,5.98410305762722,10.240897390519407,-1.5101691366397159,-1.4017102758694924
resnet50_s0,resnet50,0,reinhard,mpidb/falciparum,sensitivity,1297,104,0.5227447956823439,0.45144916094444243,0.5964280878511312,44.95179780402838,37.08156011083212,52.19054007430917,-0.0069081667641541,-0.26078329534682027
resnet50_s0,resnet50,0,reinhard,mpidb/other,sensitivity,140,106,0.42142857142857143,0.3181664619164619,0.5217391304347826,55.08342022940562,44.914336772406145,65.38628468386548,-0.3501597444089457,-0.6302875399361023
resnet50_s0,resnet50,0,histmatch,bbbc041/site_a,sensitivity,79569,1208,0.9841786877617497,0.978787020345094,0.989173690870878,-1.1915914039121955,-2.954367556330986,0.1870210389298703,1.0664446919248167,0.3243444926778639
resnet50_s0,resnet50,0,histmatch,bbbc041/site_a,specificity,79569,1208,0.06644277964350297,0.061994772928076376,0.07118889577058236,91.70633466524443,90.99473532743893,92.43629646087369,-7.320482329602938,-5.437684181692061
resnet50_s0,resnet50,0,histmatch,bbbc041/site_a,auc,79569,1208,0.7274253258801562,0.7142551190314446,0.7408915680962133,26.85724588842514,25.46932644737844,28.19253573986621,-2.520215124075999,-2.292588157520471
resnet50_s0,resnet50,0,histmatch,bbbc041/site_b,sensitivity,5917,120,0.9504950495049505,0.9220715766318371,0.9756986350574712,2.1767724217677253,-0.9364812878159903,5.288945579032663,0.9255536514632217,0.7336705773793829
resnet50_s0,resnet50,0,histmatch,bbbc041/site_b,specificity,5917,120,0.15016031350195938,0.134161060699855,0.16691953743968405,83.33458127939879,81.59715792432978,85.07198512073175,,
resnet50_s0,resnet50,0,histmatch,bbbc041/site_b,auc,5917,120,0.7246960980387316,0.6895335624111777,0.7585901331529885,27.1301686725676,23.704223177997818,30.657594793144305,-7.522609075312033,-7.4141502145418094
resnet50_s0,resnet50,0,histmatch,mpidb/falciparum,sensitivity,1297,104,0.9807247494217425,0.9724272356411436,0.9887311221604099,-0.8461975699114777,-2.716156168340063,0.640489421323937,1.0189545977127414,0.7650794691300753
resnet50_s0,resnet50,0,histmatch,mpidb/other,sensitivity,140,106,0.9928571428571429,0.9779411764705882,1.0,-2.059436913451518,-4.129661568865939,-0.1708159975247094,1.0504792332268371,0.7703514376996805
