variant,test_set,metric,n_cells,n_images,value,ci_low,ci_high,drop_pp,drop_ci_low,drop_ci_high,share_recovered_total,share_recovered_step
raw,bbbc041/site_a,sensitivity,78736,1208,0.9925074925074925,0.9871244103761051,0.9964503492380401,-1.0025740682674922,-2.5739712548924727,0.147687578156024,,
raw,bbbc041/site_a,specificity,78736,1208,0.6554851825787786,0.6407833819224473,0.6710333010208118,31.011330940991133,28.661329784248366,33.17747669138941,,
raw,bbbc041/site_a,auc,78736,1208,0.9705838965163385,0.9666825164203305,0.9738673398511831,2.6144961857641813,2.1945676310505475,3.0534913342508747,,
raw,bbbc041/site_b,sensitivity,5728,120,0.8923611111111112,0.8398535763766265,0.9347909060736808,9.01206407137064,4.512050717501273,14.267996654256663,,
raw,bbbc041/site_b,specificity,5728,120,0.9520220588235294,0.9419928245194409,0.9610516058430061,1.357643316516055,-0.6551766047105758,3.114070674210636,,
raw,bbbc041/site_b,auc,5728,120,0.9744092754289215,0.9594185067806705,0.9851820772860288,2.231958294505876,1.11662227886857,3.668848997980397,,
raw,mpidb/falciparum,sensitivity,1297,104,0.5736314572089437,0.5123084858401439,0.6350733111306968,40.885029461587386,34.56372501978558,47.05378038230094,,
raw,mpidb/other,sensitivity,140,106,0.8,0.7243962275237984,0.8666666666666667,18.248175182481752,11.218999829141117,25.769140589978758,,
masked,bbbc041/site_a,sensitivity,78736,1208,0.9975024975024975,0.9949694382236913,0.9994977461326975,-1.502074567767997,-3.0352159075318226,-0.459593773309791,,
masked,bbbc041/site_a,specificity,78736,1208,0.5396564756170668,0.5274180084213601,0.5525331878264613,42.59420163716232,40.30593525913585,44.44954190705856,-0.3735044690023548,-0.3735044690023548
masked,bbbc041/site_a,auc,78736,1208,0.9681247154857288,0.9652217281065459,0.9713195792735512,2.8604142888251527,2.420595557031694,3.1938056991075494,-0.09405946139833167,-0.09405946139833167
masked,bbbc041/site_b,sensitivity,5728,120,0.9166666666666666,0.8698446262756275,0.9547436144269027,6.581508515815093,2.3487722661114088,11.48729521657838,0.26970020811069145,0.26970020811069145
masked,bbbc041/site_b,specificity,5728,120,0.8777573529411765,0.8573161027443393,0.8971338161653818,8.784113904751345,6.220011751943328,11.30941701765709,-5.470119064330448,-5.470119064330448
masked,bbbc041/site_b,auc,5728,120,0.9635930478962419,0.948590188717467,0.9770285113234989,3.313581047773839,1.976381330575488,4.807799450365312,-0.48460706274416276,-0.48460706274416276
masked,mpidb/falciparum,sensitivity,1297,104,0.7193523515805705,0.6664370023070221,0.771785081968256,26.3129400244247,21.04965438777511,31.514159300451844,0.3564162635825801,0.3564162635825801
masked,mpidb/other,sensitivity,140,106,0.8285714285714286,0.7611940298507462,0.8874172185430463,15.391032325338895,8.826113293891089,22.43809651575166,0.1565714285714286,0.1565714285714286
reinhard,bbbc041/site_a,sensitivity,78736,1208,0.7972027972027972,0.7771470221565803,0.816311665254772,18.52789546220204,16.04789561813401,20.78881066674132,,
reinhard,bbbc041/site_a,specificity,78736,1208,0.7538900617718352,0.7449066234120072,0.7629677629738283,21.17084302168548,19.093463381882543,22.833114014440444,0.31731910952259007,0.6908235785249448
reinhard,bbbc041/site_a,auc,78736,1208,0.8558666357751509,0.8480753241551886,0.8630327952811474,14.086222259882941,13.311277239932467,14.863083216963014,-4.387738691906232,-4.2936792305079
reinhard,bbbc041/site_b,sensitivity,5728,120,0.9027777777777778,0.8659365878015056,0.9375,7.970397404703977,4.063143234192615,11.686885679963927,0.11558580347601062,-0.15411440463468085
reinhard,bbbc041/site_b,specificity,5728,120,0.8207720588235294,0.7981159643588351,0.8417597736924699,14.482643316516054,11.638275200904559,17.147024994904477,-9.667487653296885,-4.1973685889664365
reinhard,bbbc041/site_b,auc,5728,120,0.9460130080678104,0.9286281337307337,0.9618720800353183,5.071585030616987,3.449216878247564,6.842339637687429,-1.2722579732341124,-0.7876509104899496
reinhard,mpidb/falciparum,sensitivity,1297,104,0.6638396299151889,0.5917418498796051,0.731365511551155,31.86421219096287,24.987550588182984,39.16427535292977,0.22063863936064476,-0.13577762422193534
reinhard,mpidb/other,sensitivity,140,106,0.7,0.6122372829728907,0.7784820745900943,28.24817518248176,20.02909875253616,37.231443909683584,-0.5480000000000005,-0.7045714285714291
histmatch,bbbc041/site_a,sensitivity,78736,1208,1.0,1.0,1.0,-1.7518248175182438,-3.2368767932702633,-0.7235973587264893,,
histmatch,bbbc041/site_a,specificity,78736,1208,0.059308780983657834,0.05444268155819644,0.06447321809585901,90.62897110050321,88.66749863975107,92.12803597616647,-1.9224470008382901,-1.5489425318359353
histmatch,bbbc041/site_a,auc,78736,1208,0.9222653958755296,0.9155902420023666,0.9288851948521326,7.446346249845071,6.733688181149354,8.12915727339254,-1.848099871168336,-1.7540404097700044
histmatch,bbbc041/site_b,sensitivity,5728,120,1.0,1.0,1.0,-1.7518248175182438,-3.2368767932702633,-0.7235973587264893,1.19438663591878,0.9246864278080886
histmatch,bbbc041/site_b,specificity,5728,120,0.009191176470588236,0.00618276496275743,0.012508999068200244,95.64073155181018,93.72568212176552,97.10996203547853,-69.44614029938339,-63.97602123505294
histmatch,bbbc041/site_b,auc,5728,120,0.7366376889297386,0.7030406178967659,0.7692631664474608,26.00911694442417,22.76693441904908,29.33297020318246,-10.65304791243074,-10.168440849686577
histmatch,mpidb/falciparum,sensitivity,1297,104,0.9946029298380878,0.9905880506048573,0.99814685740206,-1.2121178013270284,-2.7467345604186484,-0.10772373098656654,1.029646983683009,0.6732307201004291
histmatch,mpidb/other,sensitivity,140,106,1.0,1.0,1.0,-1.7518248175182438,-3.2368767932702633,-0.7235973587264893,1.0959999999999999,0.9394285714285713
