degradation,severity,lapvar224,lapvar224_center,gray_std,gray_std_center,gray_mean,sat_mean
gaussian_blur,1.0,573.951340140923,5.928863997631466,73.26893153094342,5.0282223783424325,117.30830476721938,47.29633689413265
gaussian_blur,3.0,86.89860922651755,2.378120166753182,72.12031018155788,4.981239472901333,117.29834980867346,48.26695033482143
gaussian_blur,5.0,28.617697438117315,1.9166000938885093,71.56824145557923,4.840821771401993,117.29762236926021,49.013263313137756
gaussian_blur,7.0,15.92209295052779,1.7923874636430215,71.2101736557724,4.850143911527367,117.2959980867347,49.69063895089286
gaussian_blur,9.0,14.006204411666722,1.7643088450230549,70.92943384494717,4.908089127805854,117.29516103316327,50.27252072704081
gaussian_blur,11.0,13.789744137228155,1.7416385808886325,70.75221950918149,4.899002325619932,117.29458306760205,50.536212531887756
gaussian_blur,15.0,13.762201999138416,1.7399094724013695,70.60652782749793,4.8942485429158005,117.29549984056123,50.68077367665816
gaussian_blur,21.0,13.76196284097515,1.7381668339826304,70.57906062554602,4.893987143899899,117.29545998086735,50.845035475127546
gauss_noise,0.002,574.4943289955374,6.582855321133552,73.26110079511693,5.033273307985082,117.30904217155611,52.47689134247449
gauss_noise,0.005,580.5595960793819,14.979910936817479,73.16515411387229,5.099871910860369,117.35407366071428,84.51618303571428
gauss_noise,0.01,606.6913221149532,50.012472559986364,72.9630705364143,5.258476753675194,117.48400629783163,98.25218231823979
gauss_noise,0.02,733.3379571643386,206.66692089044875,72.56549709769347,5.924638809924908,117.75982541454081,104.16726124043367
gauss_noise,0.05,1679.8585006580013,1372.1087025430325,71.612240413922,9.631219845698485,118.57719826211735,109.70871532206633
gauss_noise,0.1,5156.326975431605,5601.9091200733665,70.64821946901569,17.452468970840215,120.00897839604592,118.41752032844389
contrast,-0.8,23.332011151343572,1.0103317467987678,14.47288856033228,1.034433611887199,23.155672034438773,47.727857940051024
contrast,-0.6,91.96691595678874,2.005492262052069,29.143096245260796,2.0257556524928955,46.643544722576536,47.54432397959184
contrast,-0.4,206.68743997492027,3.182559972782637,43.81656527562239,3.035595845816635,70.08063616071428,47.4128268494898
contrast,-0.2,366.9956249209654,4.577644737175007,58.47224422642674,4.047432015649564,93.52970543686224,47.43408203125
contrast,0.0,573.951340140923,5.928863997631466,73.26893153094342,5.0282223783424325,117.30830476721938,47.29633689413265
contrast,0.2,819.6290655100361,9.096235046284095,87.7750315931819,6.006110758573268,140.36820392219389,47.30191725127551
contrast,0.4,1056.1925721458474,9.61653186512493,99.07344345840866,5.5550915118246795,160.1742167570153,34.26465840242347
