group,n_parasitised,sensitivity,ci_low,ci_high,missed,miss_rate,share_of_site_misses
mpidb/falciparum,1297.0,0.5736314572089437,0.5136606442259903,0.6330693805828963,,,
mpidb/other,140.0,0.8,0.7272727272727273,0.8716355923592765,,,
falciparum minus other (pp),,-22.636854279105634,-31.79555156813602,-12.808465303021908,,,
bbbc041/site_a/gametocyte,144.0,1.0,1.0,1.0,0.0,0.0,0.0
bbbc041/site_a/ring,353.0,0.9603399433427762,0.9336870026525199,0.9808794860434205,14.0,0.039660056657223795,0.9333333333333333
bbbc041/site_a/schizont,179.0,1.0,1.0,1.0,0.0,0.0,0.0
bbbc041/site_a/trophozoite,1473.0,0.9993211133740665,0.9978415708991248,1.0,1.0,0.0006788866259334691,0.06666666666666667
bbbc041/site_b/gametocyte,12.0,0.8333333333333334,0.6363636363636364,1.0,2.0,0.16666666666666666,0.06451612903225806
bbbc041/site_b/ring,169.0,0.8698224852071006,0.7894665718349929,0.9375,22.0,0.1301775147928994,0.7096774193548387
bbbc041/site_b/schizont,11.0,0.9090909090909091,0.7,1.0,1.0,0.09090909090909091,0.03225806451612903
bbbc041/site_b/trophozoite,111.0,0.9459459459459459,0.8952380952380953,0.9833333333333333,6.0,0.05405405405405406,0.1935483870967742
