species,source_image,n_components,n_shipped,stage_source
Falciparum,1305121398-0001-R_S,3,3,shipped_crops
Falciparum,1305121398-0003-R,1,1,shipped_crops
Falciparum,1305121398-0004-R,2,2,shipped_crops
Falciparum,1305121398-0005-T,1,1,shipped_crops
Falciparum,1305121398-0006-R,1,1,shipped_crops
Falciparum,1305121398-0007-R,1,1,shipped_crops
Falciparum,1305121398-0008-R,1,1,shipped_crops
Falciparum,1305121398-0010-S,1,1,shipped_crops
Falciparum,1305121398-0011-S,1,1,shipped_crops
Falciparum,1305121398-0012-S,1,1,shipped_crops
Falciparum,1305121398-0013-S,1,1,shipped_crops
Falciparum,1305121398-0014-S,1,1,shipped_crops
Falciparum,1305121398-0015-S,1,1,shipped_crops
Falciparum,1305121398-0016-S,1,1,shipped_crops
Falciparum,1305121398-0017-R,1,1,shipped_crops
Falciparum,1305121398-0018-S,1,1,shipped_crops
Falciparum,1305121398-0019-R,1,1,shipped_crops
Falciparum,1305121398-0020-S,1,1,shipped_crops
Falciparum,1305121398-0021-S,1,1,shipped_crops
Falciparum,1305121398-0022-S,1,1,shipped_crops
Falciparum,1307210661-0001-R,31,31,shipped_crops
Falciparum,1307210661-0002-R,25,25,shipped_crops
Falciparum,1307210661-0003-R,30,30,shipped_crops
Falciparum,1307210661-0004-R,33,33,shipped_crops
Falciparum,1307210661-0005-R,27,27,shipped_crops
Falciparum,1307210661-0006-R,26,26,shipped_crops
Falciparum,1307210661-0007-R,31,31,shipped_crops
Falciparum,1307210661-0008-R,32,32,shipped_crops
Falciparum,1307210661-0009-R,11,11,shipped_crops
Falciparum,1307210661-0010-R,42,42,shipped_crops
Falciparum,1405022890-0001-R,13,13,shipped_crops
Falciparum,1405022890-0002-R,18,18,shipped_crops
Falciparum,1405022890-0003-R,24,24,shipped_crops
Falciparum,1405022890-0004-R,19,19,shipped_crops
Falciparum,1405022890-0005-R,17,17,shipped_crops
Falciparum,1405022890-0006-R,19,19,shipped_crops
Falciparum,1408161544-0001-S_R,2,2,shipped_crops
Falciparum,1408161544-0002-R_S,3,3,shipped_crops
Falciparum,1408161544-0003-R_S,2,2,shipped_crops
Falciparum,1408290968-0001-R,1,1,shipped_crops
Falciparum,1408290968-0002-R,1,1,shipped_crops
Falciparum,1408290968-0003-R,1,1,shipped_crops
Falciparum,1409171742-0001-R,2,2,shipped_crops
Falciparum,1409171742-0002-R,3,3,shipped_crops
Falciparum,1409171742-0003-R,4,4,shipped_crops
Falciparum,1409171742-0004-R,2,2,shipped_crops
Falciparum,1409171742-0005-R,2,2,shipped_crops
Falciparum,1409171742-0006-R,3,3,shipped_crops
Falciparum,1409171742-0007-R,4,4,shipped_crops
Falciparum,1409171742-0008-R,4,4,shipped_crops
Falciparum,1409171742-0009-R,6,6,shipped_crops
Falciparum,1409171742-0010-R,5,5,shipped_crops
Falciparum,1409191647-0001-R,1,1,shipped_crops
Falciparum,1409191647-0002-R,1,1,shipped_crops
Falciparum,1409191647-0003-R,4,4,shipped_crops
Falciparum,1409191647-0004-R,4,4,shipped_crops
Falciparum,1409191647-0005-R,4,4,shipped_crops
Falciparum,1409191647-0006-R,5,5,shipped_crops
Falciparum,1409191647-0007-R,1,1,shipped_crops
Falciparum,1409191647-0008-T,1,1,shipped_crops
Falciparum,1409191647-0009-R,7,7,shipped_crops
Falciparum,1409191647-0010-R,5,5,shipped_crops
Falciparum,1603223711-0001-G,1,1,shipped_crops
Falciparum,1603223711-0002-T_G,2,2,shipped_crops
Falciparum,1603223711-0003-G_R,2,2,shipped_crops
Falciparum,1603223711-0004-R,2,2,shipped_crops
Falciparum,1603223711-0005-G,1,1,shipped_crops
Falciparum,1603223711-0006-G,1,1,shipped_crops
Falciparum,1701151546-0001-R_T_S,13,13,shipped_crops
Falciparum,1701151546-0002-R,17,17,shipped_crops
Falciparum,1701151546-0003-R,15,15,shipped_crops
Falciparum,1701151546-0004-R_T,24,24,shipped_crops
Falciparum,1701151546-0005-R,25,25,shipped_crops
Falciparum,1701151546-0006-R_T,19,19,shipped_crops
Falciparum,1701151546-0007-R,27,27,shipped_crops
Falciparum,1701151546-0008-R-T,15,15,shipped_crops
Falciparum,1701151546-0009-R,24,24,shipped_crops
Falciparum,1701151546-0010-R,19,19,shipped_crops
Falciparum,1701151546-0011-R_T,19,19,shipped_crops
Falciparum,1701151546-0012-R,22,22,shipped_crops
Falciparum,1701151546-0013-R_T,30,30,shipped_crops
Falciparum,1701151546-0014-R,67,67,shipped_crops
Falciparum,1701151546-0015-R_T,37,37,shipped_crops
Falciparum,1704282807-0001-R,10,10,shipped_crops
Falciparum,1704282807-0002-R,19,19,shipped_crops
Falciparum,1704282807-0003-R,17,17,shipped_crops
Falciparum,1704282807-0004-R_T,11,11,shipped_crops
Falciparum,1704282807-0005-R,18,18,shipped_crops
Falciparum,1704282807-0006-R,16,16,shipped_crops
Falciparum,1704282807-0007-R,16,16,shipped_crops
Falciparum,1704282807-0008-R,18,18,shipped_crops
Falciparum,1704282807-0009-R,12,12,shipped_crops
Falciparum,1704282807-0010-R,14,14,shipped_crops
Falciparum,1704282807-0011-R_T,16,16,shipped_crops
Falciparum,1704282807-0012-R_T,27,27,shipped_crops
Falciparum,1704282807-0013-R_T,24,24,shipped_crops
Falciparum,1704282807-0014-R,22,22,shipped_crops
Falciparum,1704282807-0015-R,21,21,shipped_crops
Falciparum,1704282807-0016-R,29,29,shipped_crops
Falciparum,1704282807-0017-R,34,34,shipped_crops
Falciparum,1704282807-0018-R,19,19,shipped_crops
Falciparum,1704282807-0019-R_G,41,41,shipped_crops
Falciparum,1704282807-0020-R_T_S,14,14,shipped_crops
Falciparum,1704282807-0021-T_G_R,18,18,shipped_crops
Malariae,1312132815-0001-G,1,0,filename_single_stage
Malariae,1312132815-0002-T,1,0,filename_single_stage
Malariae,1312132815-0003-G,1,0,filename_single_stage
Malariae,1312132815-0004-G,1,0,filename_single_stage
Malariae,1312132815-0005-G,1,0,filename_single_stage
Malariae,1312132815-0008-G,2,0,filename_single_stage
Malariae,1312132815-0009-G,1,0,filename_single_stage
Malariae,1312132815-0010-T,1,0,filename_single_stage
Malariae,1312132815-0011-S,1,0,filename_single_stage
Malariae,1312132815-0012-S,1,0,filename_single_stage
Malariae,1312132815-0013-S,1,0,filename_single_stage
Malariae,1312132815-0014-S,1,0,filename_single_stage
Malariae,1312132815-0015-S,2,0,filename_single_stage
Malariae,1312132815-0016-T,1,0,filename_single_stage
Malariae,1312132815-0017-T,1,0,filename_single_stage
Malariae,1401063467-0001-S,1,0,filename_single_stage
Malariae,1401063467-0002-T,1,0,filename_single_stage
Malariae,1401063467-0003-T,1,0,filename_single_stage
Malariae,1401063467-0004-R_T,2,0,ambiguous_multistage
Malariae,1401063467-0005-T,1,0,filename_single_stage
Malariae,1401063467-0006-T,1,0,filename_single_stage
Malariae,1401063467-0007-S,1,0,filename_single_stage
Malariae,1401063467-0008-S,1,0,filename_single_stage
Malariae,1401063467-0009-T,1,0,filename_single_stage
Malariae,1401063467-0010-T,1,0,filename_single_stage
Malariae,1401063467-0011-G,1,0,filename_single_stage
Malariae,1401063467-0012-S,1,0,filename_single_stage
Malariae,1401063467-0013-T,1,0,filename_single_stage
Malariae,1401080976-0001-T,1,0,filename_single_stage
Malariae,1401080976-0002-T,1,0,filename_single_stage
Malariae,1401080976-0003-T,2,0,filename_single_stage
Malariae,1401080976-0004-T,1,0,filename_single_stage
Malariae,1401080976-0005-T,2,0,filename_single_stage
Malariae,1401080976-0006-T,1,0,filename_single_stage
Malariae,1401080976-0007-T,1,0,filename_single_stage
Malariae,1401080976-0008-T,1,0,filename_single_stage
Malariae,1401080976-0009-S_T,2,0,ambiguous_multistage
Ovale,1707180816-0001-G_R,2,0,ambiguous_multistage
Ovale,1707180816-0002-T,1,0,filename_single_stage
Ovale,1707180816-0003-T,1,0,filename_single_stage
Ovale,1707180816-0004-R,1,0,filename_single_stage
Ovale,1707180816-0005-T,1,0,filename_single_stage
Ovale,1707180816-0006-T,1,0,filename_single_stage
Ovale,1707180816-0007-T,1,0,filename_single_stage
Ovale,1707180816-0008-G,1,0,filename_single_stage
Ovale,1707180816-0009-T,1,0,filename_single_stage
Ovale,1707180816-0010-T,1,0,filename_single_stage
Ovale,1707180816-0011-R_T,1,0,ambiguous_multistage
Ovale,1707180816-0012-T_R,2,0,ambiguous_multistage
Ovale,1707180816-0013-T,1,0,filename_single_stage
Ovale,1707180816-0015-T,1,0,filename_single_stage
Ovale,1707180816-0016-R,1,0,filename_single_stage
Ovale,1707180816-0017-G,1,0,filename_single_stage
Ovale,1707180816-0018-G,1,0,filename_single_stage
Ovale,1707180816-0019-S,1,0,filename_single_stage
Ovale,1707180816-0020-R_T,2,0,ambiguous_multistage
Ovale,1708161076-0001-R,1,0,filename_single_stage
Ovale,1708161076-0002-R,1,0,filename_single_stage
Ovale,1708161076-0003-R,1,0,filename_single_stage
Ovale,1708161076-0004-R,1,0,filename_single_stage
Ovale,1708161076-0005-G,1,0,filename_single_stage
Ovale,1708161076-0006-R,2,0,filename_single_stage
Ovale,1708161076-0007-R,1,0,filename_single_stage
Ovale,1708161076-0008-G,1,0,filename_single_stage
Ovale,1708161076-0009-R,1,0,filename_single_stage
Ovale,1708161076-0010-G,1,0,filename_single_stage
Vivax,1703121298-0001-G_R,3,3,shipped_crops
Vivax,1703121298-0002-S,1,1,shipped_crops
Vivax,1703121298-0003-R,1,1,shipped_crops
Vivax,1703121298-0004-R,1,1,shipped_crops
Vivax,1703121298-0005-R,1,1,shipped_crops
Vivax,1703121298-0006-R,2,2,shipped_crops
Vivax,1703121298-0007-R,1,1,shipped_crops
Vivax,1703121298-0008-G,1,1,shipped_crops
Vivax,1703121298-0009-R,1,1,shipped_crops
Vivax,1703121298-0010-G,2,2,shipped_crops
Vivax,1703121298-0011-R,1,1,shipped_crops
Vivax,1703121298-0012-G_R,2,2,shipped_crops
Vivax,1703121298-0015-R,5,5,shipped_crops
Vivax,1703121298-0016-G,2,2,shipped_crops
Vivax,1703121298-0017-R,2,2,shipped_crops
Vivax,1709041080-0013-R,1,1,shipped_crops
Vivax,1709041080-0014-R,1,1,shipped_crops
Vivax,1709041080-0015-R,1,1,shipped_crops
Vivax,1709041080-0016-S,1,1,shipped_crops
Vivax,1709041080-0017-R,1,1,shipped_crops
Vivax,1709041080-0018-R,2,2,shipped_crops
Vivax,1709041080-0019-R,1,1,shipped_crops
Vivax,1709041080-0020-R,2,2,shipped_crops
Vivax,1709041080-0021-R_T,2,2,shipped_crops
Vivax,1709041080-0022-T,1,1,shipped_crops
Vivax,1709041080-0023-R,2,2,shipped_crops
Vivax,1709041080-0024-R,2,2,shipped_crops
Vivax,1709041080-0025-R_T,4,4,shipped_crops
Vivax,1709041080-0027-R,4,4,shipped_crops
Vivax,1709041080-0028-T,1,1,shipped_crops
Vivax,1709041080-0029-T,1,1,shipped_crops
Vivax,1709041080-0030-S,1,1,shipped_crops
Vivax,1709041080-0031-S,1,1,shipped_crops
Vivax,1709041080-0032-S,2,2,shipped_crops
Vivax,1709041080-0033-S,1,1,shipped_crops
Vivax,1709041080-0034-R,1,1,shipped_crops
Vivax,1709041080-0035-S,1,1,shipped_crops
Vivax,1709041080-0036-S_R,2,2,shipped_crops
Vivax,1709041080-0037-S,1,1,shipped_crops
Vivax,1709041080-0038-S,1,1,shipped_crops
